date,ranking,name,id,visits,average_ccu,session_length
2025-04-29,1,Dead Rails,116495829188952,37290967.0,478266.8597,18.5929593608686
2025-04-29,2,Brookhaven RP,4924922222,42515772.0,436204.2903,14.899134032012112
2025-04-29,3,Blox Fruits,2753915549,36444029.0,403208.8333,16.125756564353836
2025-04-29,4,Bubble Gum Simulator INFINITY,85896571713843,11036394.0,316938.9583,41.71813984794667
2025-04-29,5,Grow a Garden,126884695634066,22456295.0,235126.2042,15.196022088641437
2025-04-29,6,Arise Crossover,87039211657390,8738170.0,126288.2917,22.06601385388512
2025-04-29,7,Blue Lock: Rivals,18668065416,14473489.0,116185.9111,11.602277749687708
2025-04-29,8,Dandy's World,16116270224,13112721.0,111561.9333,12.293190058205196
2025-04-29,9,Forsaken,18687417158,7824793.0,104216.2917,19.17715471900668
2025-04-29,10,The Strongest Battlegrounds,10449761463,10986764.0,74127.3875,9.74648876006963
2025-04-30,1,Dead Rails,116495829188952,41865111.0,540341.0542,18.662099132435326
2025-04-30,2,Brookhaven RP,4924922222,44544696.0,460294.7288,14.92650688538893
2025-04-30,3,Blox Fruits,2753915549,38877253.0,429451.2295,16.05687111072052
2025-04-30,4,Bubble Gum Simulator INFINITY,85896571713843,11360905.0,325213.4375,41.64874534267285
2025-04-30,5,Grow a Garden,126884695634066,25182224.0,265274.0195,15.259800775851357
2025-04-30,6,Arise Crossover,87039211657390,10132442.0,135882.125,20.370038221696586
2025-04-30,7,Dandy's World,16116270224,14105986.0,121661.8526,12.443984354751676
2025-04-30,8,Blue Lock: Rivals,18668065416,15116985.0,121262.8915,11.53987759316194
2025-04-30,9,Forsaken,18687417158,8143584.0,108578.75,19.19488902875507
2025-04-30,10,The Strongest Battlegrounds,10449761463,11983749.0,81314.3046,9.79062490665954
2025-05-01,1,Dead Rails,116495829188952,51553458.0,693855.4965,19.430267078583533
2025-05-01,2,Brookhaven RP,4924922222,57087486.0,598297.1889,15.124766792845229
2025-05-01,3,Blox Fruits,2753915549,42468874.0,469560.0611,16.051196512094286
2025-05-01,4,Grow a Garden,126884695634066,30398908.0,327587.9555,15.732308833401165
2025-05-01,5,Bubble Gum Simulator INFINITY,85896571713843,10770514.0,233470.0625,31.933531111146465
2025-05-01,6,Dandy's World,16116270224,15979307.0,137051.9125,12.387782173645675
2025-05-01,7,Blue Lock: Rivals,18668065416,16505380.0,135024.0612,11.803187542418575
2025-05-01,8,Arise Crossover,87039211657390,9755523.0,131550.625,20.407186997090623
2025-05-01,9,Forsaken,18687417158,9088283.0,124487.8542,19.739171332656163
2025-05-01,10,The Strongest Battlegrounds,10449761463,13999219.0,95294.8528,9.8322627410331
2025-05-02,1,Dead Rails,116495829188952,51155868.0,690545.8139,19.47413399086313
2025-05-02,2,Brookhaven RP,4924922222,55512822.0,593128.125,15.41056269488686
2025-05-02,3,Blox Fruits,2753915549,40788182.0,467065.8944,16.608134249906424
2025-05-02,4,Grow a Garden,126884695634066,30137153.0,317246.0125,15.235470313145203
2025-05-02,5,Bubble Gum Simulator INFINITY,85896571713843,11396450.0,275631.7708,34.82947799525267
2025-05-02,6,Dandy's World,16116270224,15854412.0,136652.8403,12.44610553375126
2025-05-02,7,Blue Lock: Rivals,18668065416,15412024.0,125132.3625,11.707302535703848
2025-05-02,8,Arise Crossover,87039211657390,9026744.0,122325.2292,20.418272137245605
2025-05-02,9,Forsaken,18687417158,8930922.0,122061.125,19.70617019850011
2025-05-02,10,RIVALS,17625359962,27799534.0,107796.7917,5.690168048953489
2025-05-02,11,The Strongest Battlegrounds,10449761463,13550934.0,93071.9847,9.915650544159016
2025-05-03,1,Dead Rails,116495829188952,92191250.0,955674.5417,15.26404722644065
2025-05-03,2,Brookhaven RP,4924922222,62322945.0,667566.6694,15.438873757637012
2025-05-03,3,Blox Fruits,2753915549,44575903.0,510658.4375,16.607179376248244
2025-05-03,4,Grow a Garden,126884695634066,48265960.0,490941.9792,14.923478924179223
2025-05-03,5,Bubble Gum Simulator INFINITY,85896571713843,12956134.0,324899.375,36.3193787206989
2025-05-03,6,Blue Lock: Rivals,18668065416,28156547.0,214634.3847,11.54283792158015
2025-05-03,7,Dandy's World,16116270224,20079545.0,175527.6847,12.609571015859656
2025-05-03,8,RIVALS,17625359962,40234975.0,155247.1875,5.557432901545039
2025-05-03,9,Arise Crossover,87039211657390,10645597.0,141943.3542,19.994073961321643
2025-05-03,10,Forsaken,18687417158,10088478.0,140445.5625,20.02820437763056
2025-05-03,11,The Strongest Battlegrounds,10449761463,15592841.0,107656.5625,9.961156043080218
2025-05-04,1,Dead Rails,116495829188952,85242209.0,865051.2451,14.63875636080244
2025-05-04,2,Brookhaven RP,4924922222,62067819.0,670244.9457,15.571257308702888
2025-05-04,3,Grow a Garden,126884695634066,52380268.0,556526.1769,15.43977296597305
2025-05-04,4,Blox Fruits,2753915549,43245901.0,497867.5334,16.701221450085598
2025-05-04,5,Bubble Gum Simulator INFINITY,85896571713843,13538550.0,334991.0833,36.74842824231502
2025-05-04,6,Blue Lock: Rivals,18668065416,25331745.0,269780.1086,15.471011489017322
2025-05-04,7,Dandy's World,16116270224,18953201.0,164240.3691,12.522903000315152
2025-05-04,8,Forsaken,18687417158,10186937.0,139800.6458,19.99209966345421
2025-05-04,9,RIVALS,17625359962,34758752.0,138920.1042,5.763599232784035
2025-05-04,10,Arise Crossover,87039211657390,10771264.0,137506.3958,19.187142952141844
2025-05-04,11,️ Dress To Impress,15101393044,12521399.0,127253.1045,14.722361676981707
2025-05-04,12,The Strongest Battlegrounds,10449761463,15183008.0,105365.8621,10.014058106420036
2025-05-05,1,Dead Rails,116495829188952,60771362.0,634746.7056,15.039161639163297
2025-05-05,2,Brookhaven RP,4924922222,45783356.0,481497.5944,15.237683674778324
2025-05-05,3,Grow a Garden,126884695634066,38410199.0,386873.8944,14.738258628192847
2025-05-05,4,Blox Fruits,2753915549,32990504.0,381297.9806,16.782418077968796
2025-05-05,5,Bubble Gum Simulator INFINITY,85896571713843,11767382.0,314309.8333,38.558552786602725
2025-05-05,6,Blue Lock: Rivals,18668065416,15727220.0,206608.1264,19.348390994021504
2025-05-05,7,Arise Crossover,87039211657390,8390583.0,113628.2292,20.34060006867983
2025-05-05,8,RIVALS,17625359962,26997176.0,109278.1458,5.838378809290485
2025-05-05,9,Dandy's World,16116270224,12342393.0,106582.3611,12.464688697618852
2025-05-05,10,Forsaken,18687417158,7348905.0,97553.625,19.085331370983315
2025-05-05,11,️ Dress To Impress,15101393044,8227814.0,83305.6194,14.649600737438124
2025-05-05,12,The Strongest Battlegrounds,10449761463,11225380.0,77570.8069,9.972107793904842
2025-05-06,1,Dead Rails,116495829188952,55593101.0,580723.5583,15.102331061009744
2025-05-06,2,Brookhaven RP,4924922222,41520594.0,433231.9583,15.1041689861162
2025-05-06,3,Blox Fruits,2753915549,31500722.0,365679.7681,16.916066126716945
2025-05-06,4,Grow a Garden,126884695634066,37563446.0,361558.9611,14.1121355526589
2025-05-06,5,Bubble Gum Simulator INFINITY,85896571713843,10993428.0,290341.75,38.31440972920452
2025-05-06,6,Blue Lock: Rivals,18668065416,13804489.0,189721.9597,20.4995368746512
2025-05-06,7,Arise Crossover,87039211657390,8326985.0,105776.8125,19.274722955219293
2025-05-06,8,Dandy's World,16116270224,11488649.0,99063.4597,12.493712328179326
2025-05-06,9,RIVALS,17625359962,23791546.0,97252.9167,5.883475951385972
2025-05-06,10,Forsaken,18687417158,6880140.0,88638.2917,18.588820908732448
2025-05-06,11,️ Dress To Impress,15101393044,7092950.0,71456.1472,14.640711807244196
2025-05-06,12,The Strongest Battlegrounds,10449761463,10341248.0,71196.3222,9.964478406739993
2025-05-07,1,Dead Rails,116495829188952,55598249.0,581501.8361,15.114172737713476
2025-05-07,2,Brookhaven RP,4924922222,42919056.0,446007.4347,14.996533152073637
2025-05-07,3,Grow a Garden,126884695634066,39671818.0,380283.0194,14.019563939550858
2025-05-07,4,Blox Fruits,2753915549,30701872.0,355498.9792,16.8357836321416
2025-05-07,5,Bubble Gum Simulator INFINITY,85896571713843,9066642.0,261741.6458,41.78243500017714
2025-05-07,6,Blue Lock: Rivals,18668065416,13302051.0,186650.7083,20.951669814553867
2025-05-07,7,Arise Crossover,87039211657390,8163754.0,105964.4583,19.11589517823721
2025-05-07,8,Dandy's World,16116270224,11433389.0,97988.9264,12.412214356504563
2025-05-07,9,Forsaken,18687417158,6898329.0,89882.9167,18.78973796651448
2025-05-07,10,RIVALS,17625359962,20276755.0,82485.5625,5.879903297230787
2025-05-07,11,Murder Mystery 2,142823291,10140374.0,77826.4792,11.061566332088802
2025-05-07,12,The Strongest Battlegrounds,10449761463,10382634.0,71975.0736,10.031978252533335
2025-05-07,13,️ Dress To Impress,15101393044,6865085.0,68582.7931,14.47963348176936
2025-05-08,1,Dead Rails,116495829188952,58758880.0,603996.9806,14.84617424433913
2025-05-08,2,Brookhaven RP,4924922222,44685719.0,466159.5528,15.076238827104527
2025-05-08,3,Grow a Garden,126884695634066,42046418.0,410258.0903,14.278566885900496
2025-05-08,4,Blox Fruits,2753915549,30640935.0,347612.625,16.495414613361117
2025-05-08,5,Bubble Gum Simulator INFINITY,85896571713843,7214130.0,207551.6458,41.74707748326552
2025-05-08,6,Blue Lock: Rivals,18668065416,13415810.0,188353.0611,20.93818544766996
2025-05-08,7,Dandy's World,16116270224,11772407.0,101881.3083,12.517449567044457
2025-05-08,8,Arise Crossover,87039211657390,7492434.0,98262.4167,19.59948106489766
2025-05-08,9,Forsaken,18687417158,7221075.0,94525.5417,18.879803198466742
2025-05-08,10,RIVALS,17625359962,20849619.0,84302.3333,5.838853678726558
2025-05-08,11,Murder Mystery 2,142823291,10530385.0,79953.5347,10.954756276966462
2025-05-08,12,The Strongest Battlegrounds,10449761463,10829202.0,75128.2306,10.029713839319042
2025-05-08,13,️ Dress To Impress,15101393044,6926737.0,68637.6681,14.35542525100851
2025-05-09,1,Dead Rails,116495829188952,64321289.0,666782.0986,14.957463096029768
2025-05-09,2,Brookhaven RP,4924922222,50313208.0,513569.6125,14.818194008340464
2025-05-09,3,Grow a Garden,126884695634066,45463331.0,435761.05,13.98764266777776
2025-05-09,4,Blox Fruits,2753915549,33320139.0,383827.3014,16.71602269692045
2025-05-09,5,Bubble Gum Simulator INFINITY,85896571713843,6971882.0,218375.3542,45.23583265759959
2025-05-09,6,Blue Lock: Rivals,18668065416,15016427.0,201540.1667,20.04633688105613
2025-05-09,7,Dandy's World,16116270224,13083582.0,113559.0528,12.5571689417874
2025-05-09,8,Forsaken,18687417158,8117500.0,107072.3125,19.06563465873889
2025-05-09,9,RIVALS,17625359962,25259326.0,102487.9375,5.883800611660266
2025-05-09,10,Arise Crossover,87039211657390,8206774.0,96444.8958,18.19217493619505
2025-05-09,11,The Strongest Battlegrounds,10449761463,12350167.0,86018.1292,10.051642681984868
2025-05-09,12,Murder Mystery 2,142823291,11249775.0,85460.3403,10.963389732491402
2025-05-09,13,️ Dress To Impress,15101393044,7714383.0,76049.7611,14.27323878646247
2025-05-10,1,Dead Rails,116495829188952,82008776.0,811685.6852,14.327029092189372
2025-05-10,2,Grow a Garden,126884695634066,81060280.0,767662.61,13.57326173810215
2025-05-10,3,Brookhaven RP,4924922222,62854963.0,660453.4192,15.122725105821328
2025-05-10,4,Blox Fruits,2753915549,40014714.0,460332.8301,16.68237434086957
2025-05-10,5,Blue Lock: Rivals,18668065416,42895172.0,341591.8398,15.48644041962332
2025-05-10,6,Bubble Gum Simulator INFINITY,85896571713843,9024725.0,249444.1667,43.09281850549258
2025-05-10,7,Dandy's World,16116270224,18230067.0,161476.7382,12.770426179987432
2025-05-10,8,RIVALS,17625359962,35157582.0,143794.3333,5.898873660335405
2025-05-10,9,Forsaken,18687417158,10405141.0,141651.1702,19.6493963658526
2025-05-10,10,Arise Crossover,87039211657390,13339304.0,128182.2083,14.6388193063084
2025-05-10,11,The Strongest Battlegrounds,10449761463,15691673.0,109212.2674,10.054580567001723
2025-05-10,12,Murder Mystery 2,142823291,13710807.0,105785.0208,11.17045941945319
2025-05-10,13,️ Dress To Impress,15101393044,10321984.0,101765.5279,14.273378558924197
2025-05-11,1,Grow a Garden,126884695634066,90295787.0,1018931.35,16.15584694402494
2025-05-11,2,Dead Rails,116495829188952,76359286.0,767302.7306,14.482824086487058
2025-05-11,3,Brookhaven RP,4924922222,61001137.0,643228.4681,15.225352900403369
2025-05-11,4,Blox Fruits,2753915549,38714010.0,438526.25,16.445612391400108
2025-05-11,5,Blue Lock: Rivals,18668065416,34511386.0,299598.2153,12.814669799367936
2025-05-11,6,Bubble Gum Simulator INFINITY,85896571713843,10566887.0,266541.6458,36.46755526878181
2025-05-11,7,Dandy's World,16116270224,16021792.0,139201.5722,12.564165404422356
2025-05-11,8,Forsaken,18687417158,10105859.0,137222.0625,19.55369531174284
2025-05-11,9,RIVALS,17625359962,31822772.0,130298.875,5.885994326186861
2025-05-11,10,Arise Crossover,87039211657390,11744960.0,120604.3125,15.680594439937884
2025-05-11,11,Murder Mystery 2,142823291,13781504.0,106987.0486,11.241886372767343
2025-05-11,12,The Strongest Battlegrounds,10449761463,15087953.0,104192.3278,9.971528679723084
2025-05-11,13,️ Dress To Impress,15101393044,10261952.0,101314.1458,14.311486427468664
2025-05-12,1,Grow a Garden,126884695634066,73176918.0,831292.9615,16.145493388477007
2025-05-12,2,Dead Rails,116495829188952,51359280.0,523883.4165,14.629933155700703
2025-05-12,3,Brookhaven RP,4924922222,44782380.0,469124.0813,15.058649907180818
2025-05-12,4,Blox Fruits,2753915549,29299919.0,335418.8602,16.715538581632323
2025-05-12,5,Bubble Gum Simulator INFINITY,85896571713843,8456432.0,249722.7391,42.4488623861472
2025-05-12,6,Blue Lock: Rivals,18668065416,18568128.0,207928.8545,16.66184475735975
2025-05-12,7,Arise Crossover,87039211657390,8537194.0,102278.5217,18.24242650976862
2025-05-12,8,Forsaken,18687417158,7524694.0,96684.5652,18.447727813301544
2025-05-12,9,Dandy's World,16116270224,10927179.0,93812.7906,12.482419502951396
2025-05-12,10,RIVALS,17625359962,20417923.0,83200.6,5.826871263590061
2025-05-12,11,Murder Mystery 2,142823291,10112976.0,76449.5971,10.93181043969097
2025-05-12,12,The Strongest Battlegrounds,10449761463,10757271.0,73662.1026,9.919672289055084
2025-05-12,13,️ Dress To Impress,15101393044,6897924.0,67918.1111,14.26374069128001
2025-05-13,1,Grow a Garden,126884695634066,71262038.0,787197.3612,15.881231242420457
2025-05-13,2,Dead Rails,116495829188952,46546922.0,481077.5617,14.961227473192112
2025-05-13,3,Brookhaven RP,4924922222,41730121.0,434477.9176,15.085379659777702
2025-05-13,4,Blox Fruits,2753915549,27919730.0,321891.0085,16.94249568002719
2025-05-13,5,Bubble Gum Simulator INFINITY,85896571713843,8002917.0,244794.0426,44.60936657759601
2025-05-13,6,Blue Lock: Rivals,18668065416,16005269.0,186135.2766,17.409262814260245
2025-05-13,7,Forsaken,18687417158,7480068.0,94137.1277,18.261357639621423
2025-05-13,8,Dandy's World,16116270224,10833000.0,93198.169,12.499737238027144
2025-05-13,9,Arise Crossover,87039211657390,7570131.0,90916.3404,18.69607473299844
2025-05-13,10,RIVALS,17625359962,20068153.0,80658.6809,5.81392449586593
2025-05-13,11,Murder Mystery 2,142823291,9901986.0,74273.156,10.820749282909327
2025-05-13,12,The Strongest Battlegrounds,10449761463,10447218.0,70969.1236,9.89382913976126
2025-05-13,13,️ Dress To Impress,15101393044,6621033.0,64829.669,14.228120004816514
2025-05-14,1,Grow a Garden,126884695634066,78076029.0,835853.7951,15.0383323636168
2025-05-14,2,Dead Rails,116495829188952,43769985.0,480460.3769,15.821187713784942
2025-05-14,3,Brookhaven RP,4924922222,39940560.0,414779.5605,14.98593958659263
2025-05-14,4,Blox Fruits,2753915549,28040699.0,320254.5049,16.56921794894692
2025-05-14,5,Bubble Gum Simulator INFINITY,85896571713843,8381455.0,234076.9167,41.12745489281384
2025-05-14,6,Blue Lock: Rivals,18668065416,14975003.0,177358.4798,17.99442065472691
2025-05-14,7,Forsaken,18687417158,7695746.0,96971.1667,18.15728891896273
2025-05-14,8,Dandy's World,16116270224,11127938.0,96615.1741,12.53459239597949
2025-05-14,9,Arise Crossover,87039211657390,8175714.0,95734.9375,18.205721349199468
2025-05-14,10,RIVALS,17625359962,21052315.0,84705.2083,5.792701995657343
2025-05-14,11,Murder Mystery 2,142823291,9687004.0,74363.1458,11.064076380372583
2025-05-14,12,The Strongest Battlegrounds,10449761463,10833934.0,73077.3552,9.761897827138355
2025-05-14,13,️ Dress To Impress,15101393044,6603817.0,64636.5669,14.158200382343814
2025-05-15,1,Grow a Garden,126884695634066,80492749.0,867024.9338,15.43258978377992
2025-05-15,2,Dead Rails,116495829188952,47882809.0,483918.4042,14.81552193648863
2025-05-15,3,Brookhaven RP,4924922222,40314727.0,421473.9444,15.105094021038775
2025-05-15,4,Blox Fruits,2753915549,27502481.0,313404.2194,16.472383972671086
2025-05-15,5,Bubble Gum Simulator INFINITY,85896571713843,6872379.0,195408.0417,41.00783519518345
2025-05-15,6,Blue Lock: Rivals,18668065416,14178047.0,168681.8083,17.888782429927932
2025-05-15,7,Forsaken,18687417158,12715096.0,142947.375,16.275006438775318
2025-05-15,8,Dandy's World,16116270224,10640525.0,91899.075,12.551372100492218
2025-05-15,9,RIVALS,17625359962,20538294.0,84069.0208,5.917370921651601
2025-05-15,10,The Strongest Battlegrounds,10449761463,11122361.0,75930.8486,9.873000175023227
2025-05-15,11,Murder Mystery 2,142823291,9765866.0,75517.1875,11.14254222365844
2025-05-15,12,️ Dress To Impress,15101393044,6734073.0,66202.4069,14.270755697588356
2025-05-16,1,Grow a Garden,126884695634066,88154990.0,931014.4915,15.557399021567834
2025-05-16,2,Dead Rails,116495829188952,62523154.0,601000.1925,14.100948486487216
2025-05-16,3,Brookhaven RP,4924922222,44072453.0,466534.6448,15.137753673186491
2025-05-16,4,Blox Fruits,2753915549,29666083.0,344570.8597,16.983605188140885
2025-05-16,5,Bubble Gum Simulator INFINITY,85896571713843,7186305.0,224654.9111,45.18983739994216
2025-05-16,6,Blue Lock: Rivals,18668065416,15152346.0,171196.9328,16.85470826801716
2025-05-16,7,Forsaken,18687417158,11465741.0,141041.2444,17.866544491364667
2025-05-16,8,Dandy's World,16116270224,12160374.0,103284.0373,12.170069408973555
2025-05-16,9,RIVALS,17625359962,24586084.0,97468.0222,5.860699958411129
2025-05-16,10,The Strongest Battlegrounds,10449761463,12296665.0,85433.803,9.94875856865647
2025-05-16,11,Murder Mystery 2,142823291,10581726.0,82283.0511,11.137733727339365
2025-05-16,12,️ Dress To Impress,15101393044,7714523.0,76436.6,14.122598703170736
2025-05-17,1,Grow a Garden ‍️,126884695634066,145590983.0,1543296.6067,14.8129006430599
2025-05-17,2,Dead Rails,116495829188952,70206011.0,722787.7318,14.831902187547518
2025-05-17,3,Brookhaven RP,4924922222,56421832.0,601819.1387,15.373786771046786
2025-05-17,4,Blox Fruits,2753915549,36404728.0,420044.0154,16.641161971097592
2025-05-17,5,Blue Lock: Rivals,18668065416,33773971.0,242434.0209,13.84388870490188
2025-05-17,6,Bubble Gum Simulator INFINITY,85896571713843,8563647.0,225078.4255,42.83265604611549
2025-05-17,7,Forsaken,18687417158,13963950.0,179760.766,18.56905824535736
2025-05-17,8,️ Dress To Impress,15101393044,17122927.0,149970.0938,13.228933771761216
2025-05-17,9,Dandy's World,16116270224,17154317.0,145219.3796,12.24394337670498
2025-05-17,10,RIVALS,17625359962,33314404.0,135098.3617,5.827570169321927
2025-05-17,11,Murder Mystery 2,142823291,13158911.0,101122.7413,11.138706972205863
2025-05-18,1,Grow a Garden ‍️,126884695634066,154138475.0,1551385.1042,14.596668723291272
2025-05-18,2,Dead Rails,116495829188952,62837131.0,668099.7361,15.351678281842505
2025-05-18,3,Brookhaven RP,4924922222,56750091.0,613407.3292,15.561078368324177
2025-05-18,4,Blox Fruits,2753915549,36021409.0,418411.7389,16.69442710671196
2025-05-18,5,Bubble Gum Simulator INFINITY,85896571713843,8635604.0,251876.75,41.88868062231278
2025-05-18,6,Blue Lock: Rivals,18668065416,26443854.0,210089.3583,11.44426444019904
2025-05-18,7,Forsaken,18687417158,13216090.0,174959.1458,19.01258734099961
2025-05-18,8,️ Dress To Impress,15101393044,15313879.0,146934.1042,13.870327029265368
2025-05-18,9,Dandy's World,16116270224,16271288.0,138173.6625,12.280560897320136
2025-05-18,10,The Strongest Battlegrounds,10449761463,15101348.0,104833.0778,10.045288976021718
2025-05-18,11,Murder Mystery 2,142823291,13243129.0,104139.3944,11.385170764524393
2025-05-19,1,Grow a Garden ‍️,126884695634066,130188011.0,1240463.2346,13.830978658160973
2025-05-19,2,Dead Rails,116495829188952,40269333.0,417652.5139,14.946566838843836
2025-05-19,3,Brookhaven RP,4924922222,39889101.0,416416.1697,15.047611604964164
2025-05-19,4,Blox Fruits,2753915549,26765389.0,313598.8108,17.004240574864706
2025-05-19,5,Bubble Gum Simulator INFINITY,85896571713843,8086602.0,235710.7083,42.14087674324229
2025-05-19,6,Blue Lock: Rivals,18668065416,14286653.0,142424.6699,14.794713351965443
2025-05-19,7,Forsaken,18687417158,9651703.0,114803.4375,17.323836277664686
2025-05-19,8,Dandy's World,16116270224,11547125.0,96252.3741,12.138700766400277
2025-05-19,9,️ Dress To Impress,15101393044,8999601.0,84660.9332,13.75810866397939
2025-05-19,10,Murder Mystery 2,142823291,9843251.0,75304.3194,11.012949598167165
2025-05-19,11,The Strongest Battlegrounds,10449761463,10705818.0,72948.8818,9.84948085209314
2025-05-20,1,Grow a Garden ‍️,126884695634066,135651118.0,1277325.2952,13.62399075075839
2025-05-20,2,Dead Rails,116495829188952,37831424.0,400690.9093,15.267636245364532
2025-05-20,3,Brookhaven RP,4924922222,38069995.0,397061.0265,14.98289877557916
2025-05-20,4,Blox Fruits,2753915549,26003062.0,301734.3724,16.809709428158087
2025-05-20,5,Bubble Gum Simulator INFINITY,85896571713843,7070286.0,204365.1489,41.62588372310335
2025-05-20,6,Blue Lock: Rivals,18668065416,12631133.0,130973.311,15.55474669636025
2025-05-20,7,Forsaken,18687417158,9255095.0,112278.5957,17.34346692411377
2025-05-20,8,Dandy's World,16116270224,10623363.0,88140.0293,12.048557207870235
2025-05-20,9,The Strongest Battlegrounds,10449761463,10668335.0,72798.2849,9.88561845610566
2025-05-20,10,Murder Mystery 2,142823291,9474213.0,72563.0417,11.041026349238416
2025-05-21,1,Grow a Garden ‍️,126884695634066,134656402.0,1296411.2535,13.77040057771573
2025-05-21,2,Dead Rails,116495829188952,37541150.0,400257.5806,15.368979168205996
2025-05-21,3,Brookhaven RP,4924922222,37856457.0,396893.7874,15.163267703904626
2025-05-21,4,Blox Fruits,2753915549,25284435.0,286835.3738,16.497790043226914
2025-05-21,5,Bubble Gum Simulator INFINITY,85896571713843,5993173.0,189024.7083,45.45596632654227
2025-05-21,6,Blue Lock: Rivals,18668065416,12115698.0,126927.4522,15.716323890143665
2025-05-21,7,Forsaken,18687417158,9713417.0,120657.6304,17.85924113010799
2025-05-21,8,Dandy's World,16116270224,10076985.0,83243.9801,12.034118133840414
2025-05-21,9,RIVALS,17625359962,19816350.0,80051.5532,5.809479372193892
2025-05-21,10,The Strongest Battlegrounds,10449761463,11018838.0,75365.8803,9.875967464781672
2025-05-22,1,Grow a Garden ‍️,126884695634066,146219297.0,1379206.9078,13.625850028349538
2025-05-22,2,Brookhaven RP,4924922222,37356577.0,399392.5623,15.26871176548428
2025-05-22,3,Dead Rails,116495829188952,36306799.0,389980.6493,15.401623126099974
2025-05-22,4,Blox Fruits,2753915549,24363447.0,265378.9087,15.54502489745487
2025-05-22,5,Forsaken,18687417158,10076660.0,126620.2553,17.92929635032807
2025-05-22,6,Blue Lock: Rivals,18668065416,11520442.0,121680.6551,15.632284161702076
2025-05-22,7,Bubble Gum Simulator INFINITY,85896571713843,4709560.0,107749.6383,32.637925867572484
2025-05-22,8,Dandy's World,16116270224,11403767.0,95682.6758,12.021617886727428
2025-05-22,9,RIVALS,17625359962,19691018.0,79834.4468,5.847056300261142
2025-05-22,10,The Strongest Battlegrounds,10449761463,11195906.0,76812.3329,9.851403932193788
2025-05-23,1,Grow a Garden ‍️,126884695634066,162636338.0,1533625.5387,13.485523985927752
2025-05-23,2,Brookhaven RP,4924922222,46287831.0,480236.7375,15.112949329795732
2025-05-23,3,Dead Rails,116495829188952,39743310.0,441098.5875,16.047600499748064
2025-05-23,4,Blox Fruits,2753915549,27750171.0,305200.7583,15.982749722448697
2025-05-23,5,Dandy's World,16116270224,20758122.0,163337.1125,12.105020466399406
2025-05-23,6,Forsaken,18687417158,11324664.0,144436.375,18.33069339047372
2025-05-23,7,Bubble Gum Simulator INFINITY,85896571713843,4974239.0,137997.5208,40.76693256376239
2025-05-23,8,Blue Lock: Rivals,18668065416,12498321.0,124322.8111,14.88327806580107
2025-05-23,9,RIVALS,17625359962,23504011.0,96410.7083,5.948432801684613
2025-05-23,10,The Strongest Battlegrounds,10449761463,12634713.0,86508.3222,9.908479864111271
2025-05-23,11,Steal a Brainrot,109983668079237,909930.0,6560.1667,10.499662966041148
2025-05-24,1,Grow a Garden,126884695634066,223990322.0,2310219.305,14.695400581817845
2025-05-24,2,Brookhaven RP,4924922222,60994200.0,665343.4993,15.726889663071429
2025-05-24,3,Dead Rails,116495829188952,52829603.0,517195.9581,14.323192506273404
2025-05-24,4,Blox Fruits,2753915549,33438202.0,364165.0237,15.7652082165989
2025-05-24,5,Dandy's World,16116270224,25822639.0,208995.743,11.643515786149054
2025-05-24,6,Forsaken,18687417158,13587863.0,174978.9583,18.47778072014133
2025-05-24,7,Blue Lock: Rivals,18668065416,21709540.0,174398.6034,13.152152857921283
2025-05-24,8,Bubble Gum Simulator INFINITY,85896571713843,5268492.0,151233.125,40.825183323009504
2025-05-24,9,RIVALS,17625359962,30740253.0,125505.6042,5.890606717148346
2025-05-24,10,The Strongest Battlegrounds,10449761463,18076924.0,120508.7221,9.903534472249367
2025-05-24,11,Steal a Brainrot,109983668079237,1308571.0,9173.6809,10.055788844123676
2025-05-25,1,Grow a Garden,126884695634066,214163357.0,2141385.65,14.383177829860598
2025-05-25,2,Brookhaven RP,4924922222,58239662.0,650644.5153,16.123091818094768
2025-05-25,3,Dead Rails,116495829188952,44851454.0,512954.5944,16.5016441945764
2025-05-25,4,Blox Fruits,2753915549,32047913.0,352878.0125,15.599579262928165
2025-05-25,5,The Strongest Battlegrounds,10449761463,35283039.0,242210.3528,10.05270897160084
2025-05-25,6,Bubble Gum Simulator INFINITY,85896571713843,5002119.0,171647.0833,54.324997753317696
2025-05-25,7,Forsaken,18687417158,12702288.0,168760.4792,19.132566022069668
2025-05-25,8,Dandy's World,16116270224,19949089.0,166163.0569,12.021628075575876
2025-05-25,9,Blue Lock: Rivals,18668065416,17482580.0,158296.3681,13.056006530736797
2025-05-25,10,Murder Mystery 2,142823291,12217211.0,96878.1042,11.49104519744612
2025-05-25,11,Steal a Brainrot,109983668079237,1086106.0,6203.3125,8.273889647028506
2025-05-26,1,Grow a Garden,126884695634066,201018155.0,1952038.8917,14.236129006400978
2025-05-26,2,Brookhaven RP,4924922222,44918825.0,494289.5653,15.89069004370764
2025-05-26,3,Dead Rails,116495829188952,33890380.0,381347.6181,16.198879972266624
2025-05-26,4,Blox Fruits,2753915549,26577276.0,281398.1792,15.563559366900584
2025-05-26,5,Bubble Gum Simulator INFINITY,85896571713843,6628503.0,206476.0417,45.10495790227147
2025-05-26,6,The Strongest Battlegrounds,10449761463,23236594.0,160991.6583,9.973821389584137
2025-05-26,7,Forsaken,18687417158,10887153.0,141085.9792,18.615281958604616
2025-05-26,8,Dandy's World,16116270224,15104366.0,125822.8028,12.057828274671907
2025-05-26,9,Blue Lock: Rivals,18668065416,11725244.0,119910.3319,15.021683110134529
2025-05-26,10,Murder Mystery 2,142823291,10655757.0,83835.7431,11.367598638682397
2025-05-26,11,Steal a Brainrot,109983668079237,2118786.0,14798.0833,10.127104966316962
2025-05-27,1,Grow a Garden,126884695634066,196773554.0,1873904.7051,14.155558237576038
2025-05-27,2,Brookhaven RP,4924922222,43082459.0,463248.8512,15.58464034209971
2025-05-27,3,Dead Rails,116495829188952,31908541.0,362898.79,16.394225731619862
2025-05-27,4,Blox Fruits,2753915549,24893338.0,279228.4548,16.21918110506209
2025-05-27,5,Bubble Gum Simulator INFINITY,85896571713843,6504376.0,217041.3333,48.30298173273348
2025-05-27,6,The Strongest Battlegrounds,10449761463,19050538.0,134155.1419,10.202019398335665
2025-05-27,7,Forsaken,18687417158,10458871.0,132675.125,18.298634245907927
2025-05-27,8,Blue Lock: Rivals,18668065416,10476984.0,111444.662,15.662253191790647
2025-05-27,9,Dandy's World,16116270224,12744939.0,106588.1099,12.098026978125205
2025-05-27,10,Murder Mystery 2,142823291,10171553.0,80189.3681,11.3768149497167
2025-05-27,11,DANGEROUS NIGHT,109686116036889,1505895.0,16500.6979,15.722546054582953
2025-05-27,12,Steal a Brainrot,109983668079237,2457485.0,15756.1042,9.336861063315316
2025-05-27,13,Troll IQ Tower,93425839212718,2651766.0,14879.0625,8.050298816161424
2025-05-27,14,Steal a Character,101354156600579,1240619.0,7333.9063,8.176367293385987
2025-05-27,15,My Fishing Pier,94682676231618,143350.0,1567.5625,15.855586051597674
2025-05-27,16,CNA Simulator,16864008714,120888.0,1118.8542,13.487258316150914
2025-05-27,17,Heian,14773491200,,,
2025-05-27,18,Steal a Baddie,70671905624144,,,
2025-05-27,19,I WANNA RUN AWAY!,91542981964579,,,
2025-05-27,20,Voxel Sandbox,101570908642635,,,
2025-05-27,21,Anime Shadow 2,136755111277466,,,
2025-05-28,1,Grow a Garden,126884695634066,200081649.0,1892936.118,13.976593360225806
2025-05-28,2,Brookhaven RP,4924922222,43487966.0,466281.7865,15.460585554956124
2025-05-28,3,Dead Rails,116495829188952,31904338.0,363629.4803,16.43066441539821
2025-05-28,4,Blox Fruits,2753915549,24303824.0,271665.5393,16.08155327482274
2025-05-28,5,Bubble Gum Simulator INFINITY,85896571713843,6185707.0,181569.0638,42.659492084651326
2025-05-28,6,Forsaken,18687417158,10835735.0,137715.9362,18.33369443683728
2025-05-28,7,The Strongest Battlegrounds,10449761463,18461802.0,128973.5983,10.111155696792617
2025-05-28,8,Blue Lock: Rivals,18668065416,10361945.0,109168.4944,15.543005541326409
2025-05-28,9,Dandy's World,16116270224,12234093.0,103096.3244,12.166067991116533
2025-05-28,10,RIVALS,17625359962,20726106.0,84448.0638,5.878151009770066
2025-05-28,11,DANGEROUS NIGHT,109686116036889,1385573.0,15680.8172,16.194576615979837
2025-05-28,12,Troll IQ Tower,93425839212718,2717901.0,15063.9355,7.973298658846804
2025-05-28,13,Steal a Brainrot,109983668079237,1875424.0,11054.9362,8.384026454916128
2025-05-28,14,Steal a Character,101354156600579,1522499.0,7939.7849,7.353553925774658
2025-05-28,15,My Fishing Pier,94682676231618,183947.0,2048.4375,16.08781921484718
2025-05-28,16,CNA Simulator,16864008714,120879.0,1104.4468,13.39898863859398
2025-05-28,17,Heian,14773491200,,,
2025-05-28,18,Steal a Baddie,70671905624144,,,
2025-05-28,19,I WANNA RUN AWAY!,91542981964579,,,
2025-05-28,20,Voxel Sandbox,101570908642635,,,
2025-05-28,21,Anime Shadow 2,136755111277466,,,
2025-05-29,1,Grow a Garden,126884695634066,213289128.0,2003318.8431,13.747701169776771
2025-05-29,2,Brookhaven RP,4924922222,45346935.0,495798.7556,15.786750504143152
2025-05-29,3,Dead Rails,116495829188952,32884662.0,375462.5028,16.423184108115798
2025-05-29,4,Blox Fruits,2753915549,24868830.0,278386.2236,16.145499045752146
2025-05-29,5,Forsaken,18687417158,11308721.0,146109.5625,18.645139979480167
2025-05-29,6,The Strongest Battlegrounds,10449761463,18156402.0,128749.7069,10.255741217124775
2025-05-29,7,Bubble Gum Simulator INFINITY,85896571713843,5092027.0,110623.625,30.907993510723266
2025-05-29,8,Dandy's World,16116270224,12065545.0,109444.9028,13.148494608229056
2025-05-29,9,Blue Lock: Rivals,18668065416,10441291.0,109338.6111,15.329530115615048
2025-05-29,10,RIVALS,17625359962,21411155.0,87123.0417,5.895625386118092
2025-05-29,11,Troll IQ Tower,93425839212718,2869619.0,15545.7872,7.766954915366486
2025-05-29,12,DANGEROUS NIGHT,109686116036889,1287413.0,14719.3191,16.83998266496525
2025-05-29,13,Steal a Character,101354156600579,1674425.0,9445.9894,7.955389646756863
2025-05-29,14,Steal a Brainrot,109983668079237,1566493.0,9173.9375,8.400447640975798
2025-05-29,15,Anime Shadow 2,136755111277466,120390.0,5149.8125,56.20763711613295
2025-05-29,16,My Fishing Pier,94682676231618,265473.0,3126.75,17.186289890144533
2025-05-29,17,CNA Simulator,16864008714,193980.0,1902.75,14.305770525821035
2025-05-29,18,Heian,14773491200,,,
2025-05-29,19,Steal a Baddie,70671905624144,,,
2025-05-29,20,I WANNA RUN AWAY!,91542981964579,,,
2025-05-29,21,Voxel Sandbox,101570908642635,,,
2025-05-30,1,Grow a Garden,126884695634066,225780665.0,2119668.7986,13.74213006784072
2025-05-30,2,Brookhaven RP,4924922222,48082403.0,527115.5472,15.834845423552482
2025-05-30,3,Dead Rails,116495829188952,37638035.0,402848.7083,16.869628704629864
2025-05-30,4,Blox Fruits,2753915549,26050375.0,291094.625,16.186307586878883
2025-05-30,5,Forsaken,18687417158,12424299.0,161212.5208,18.715639709928062
2025-05-30,6,The Strongest Battlegrounds,10449761463,18853931.0,134402.2792,10.315430572138744
2025-05-30,7,Bubble Gum Simulator INFINITY,85896571713843,4544084.0,123549.1667,39.34034811742715
2025-05-30,8,Dandy's World,16116270224,12850946.0,114004.7278,12.83560696668525
2025-05-30,9,Blue Lock: Rivals,18668065416,10808280.0,111741.4514,15.205912788744133
2025-05-30,10,RIVALS,17625359962,24783023.0,101841.9583,5.964049093977554
2025-05-30,11,Troll IQ Tower,93425839212718,3233042.0,17463.4271,7.781484887397956
2025-05-30,12,DANGEROUS NIGHT,109686116036889,1362434.0,15779.8646,16.90032880363508
2025-05-30,13,Steal a Character,101354156600579,1860685.0,11336.4583,8.870082560386377
2025-05-30,14,Steal a Brainrot,109983668079237,1786173.0,11130.0417,8.894395532350652
2025-05-30,15,Anime Shadow 2,136755111277466,167157.0,6271.875,54.243687235817966
2025-05-30,16,My Fishing Pier,94682676231618,305495.0,3776.4792,17.879492380988214
2025-05-30,17,CNA Simulator,16864008714,248994.0,2515.9792,14.632678736356668
2025-05-30,18,Heian,14773491200,,,
2025-05-30,19,Steal a Baddie,70671905624144,,,
2025-05-30,20,I WANNA RUN AWAY!,91542981964579,,,
2025-05-30,21,Voxel Sandbox,101570908642635,,,
2025-05-31,1,Grow a Garden,126884695634066,299302952.0,3189965.3278,15.13568115586003
2025-05-31,2,Brookhaven RP,4924922222,53981592.0,595882.8875,15.85206845401795
2025-05-31,3,Dead Rails,116495829188952,48325857.0,393243.6292,11.55742551313668
2025-05-31,4,Blox Fruits,2753915549,28763480.0,322865.1486,16.13112860499409
2025-05-31,5,Forsaken,18687417158,13875106.0,181001.8958,18.695819402277863
2025-05-31,6,Blue Lock: Rivals,18668065416,22539489.0,180077.7153,13.813387989460534
2025-05-31,7,Bubble Gum Simulator INFINITY,85896571713843,5432482.0,157082.6458,42.75657289354184
2025-05-31,8,The Strongest Battlegrounds,10449761463,19629017.0,140139.1486,10.255735737934517
2025-05-31,9,Dandy's World,16116270224,14468471.0,127125.1653,12.67198295405174
2025-05-31,10,RIVALS,17625359962,29419825.0,120680.5833,5.915532393653869
2025-05-31,11,DANGEROUS NIGHT,109686116036889,1612471.0,18504.8842,16.76483974478976
2025-05-31,12,Troll IQ Tower,93425839212718,3056758.0,16857.75,7.943066297919056
2025-05-31,13,Steal a Brainrot,109983668079237,2424618.0,16406.75,9.521545766475583
2025-05-31,14,Steal a Character,101354156600579,2046313.0,12111.3125,8.620725950688946
2025-05-31,15,Anime Shadow 2,136755111277466,275065.0,8985.875,48.54550823391853
2025-05-31,16,My Fishing Pier,94682676231618,331012.0,3933.3958,17.231148261693104
2025-05-31,17,CNA Simulator,16864008714,411217.0,3493.0208,12.36380890344422
2025-05-31,18,Heian,14773491200,,,
2025-05-31,19,Steal a Baddie,70671905624144,,,
2025-05-31,20,I WANNA RUN AWAY!,91542981964579,,,
2025-05-31,21,Voxel Sandbox,101570908642635,,,
2025-06-01,1,Grow a Garden,126884695634066,244735330.0,2681644.1613,15.72365225097493
2025-06-01,2,Brookhaven RP,4924922222,53729273.0,597182.854,15.950908071791115
2025-06-01,3,Dead Rails,116495829188952,36243398.0,421571.2545,16.67036202730385
2025-06-01,4,Blox Fruits,2753915549,29074822.0,332310.6801,16.543108811653443
2025-06-01,5,Blue Lock: Rivals,18668065416,19870213.0,187096.1613,13.693850466677343
2025-06-01,6,Forsaken,18687417158,13806537.0,183808.9375,19.10420488415814
2025-06-01,7,Bubble Gum Simulator INFINITY,85896571713843,5611638.0,176530.875,44.79206248199655
2025-06-01,8,The Strongest Battlegrounds,10449761463,18366343.0,131249.4743,10.32867706166522
2025-06-01,9,Dandy's World,16116270224,13608590.0,121147.3408,12.857817212220192
2025-06-01,10,RIVALS,17625359962,28171919.0,117070.3125,5.981708718909985
2025-06-01,11,Steal a Brainrot,109983668079237,3053234.0,21609.875,10.198470737050831
2025-06-01,12,DANGEROUS NIGHT,109686116036889,1620365.0,18716.6667,16.851570141802313
2025-06-01,13,Troll IQ Tower,93425839212718,2483984.0,14083.0938,8.139000905991287
2025-06-01,14,Steal a Character,101354156600579,1949139.0,12136.3958,8.995663354257895
2025-06-01,15,Anime Shadow 2,136755111277466,294115.0,10282.5,52.832431271485326
2025-06-01,16,CNA Simulator,16864008714,515281.0,5548.6667,15.6403825279218
2025-06-01,17,My Fishing Pier,94682676231618,299346.0,3624.1667,17.459908579778293
2025-06-01,18,Heian,14773491200,,,
2025-06-01,19,Steal a Baddie,70671905624144,,,
2025-06-01,20,I WANNA RUN AWAY!,91542981964579,,,
2025-06-01,21,Voxel Sandbox,101570908642635,,,
2025-06-02,1,Grow a Garden,126884695634066,210586491.0,2113895.6611,14.253469347601566
2025-06-02,2,Brookhaven RP,4924922222,42652878.0,469164.8889,15.863464959906633
2025-06-02,3,Dead Rails,116495829188952,28336713.0,331296.0944,16.793178218524503
2025-06-02,4,Blox Fruits,2753915549,23734782.0,277185.5014,16.893846479080562
2025-06-02,5,Bubble Gum Simulator INFINITY,85896571713843,5287987.0,187224.75,50.087153689182415
2025-06-02,6,Forsaken,18687417158,11890853.0,154874.0,18.748882441500424
2025-06-02,7,Blue Lock: Rivals,18668065416,12682192.0,136413.0278,15.696511210435064
2025-06-02,8,The Strongest Battlegrounds,10449761463,14391056.0,103565.6361,10.39968067959194
2025-06-02,9,Dandy's World,16116270224,10677701.0,96162.4319,12.999410669359486
2025-06-02,10,RIVALS,17625359962,22013646.0,90087.0625,5.924897515068179
2025-06-02,11,Steal a Brainrot,109983668079237,2829559.0,20437.4375,10.287804756896572
2025-06-02,12,DANGEROUS NIGHT,109686116036889,1181039.0,13937.0211,17.03961835445676
2025-06-02,13,Troll IQ Tower,93425839212718,2076232.0,11893.9053,8.207844954878432
2025-06-02,14,Anime Shadow 2,136755111277466,191331.0,10005.8333,59.7729385738675
2025-06-02,15,Steal a Character,101354156600579,1558692.0,9369.9053,8.662303727882628
2025-06-02,16,CNA Simulator,16864008714,611395.0,6346.2917,15.100015925340385
2025-06-02,17,My Fishing Pier,94682676231618,270465.0,3207.0208,17.200054253607828
2025-06-02,18,I WANNA RUN AWAY!,91542981964579,237655.0,929.9583,5.698630771320615
2025-06-02,19,Steal a Baddie,70671905624144,78692.0,371.1667,6.874726771672546
2025-06-02,20,Heian,14773491200,,,
2025-06-02,21,Voxel Sandbox,101570908642635,,,
2025-06-03,1,Grow a Garden,126884695634066,203865198.0,1933071.5922,13.785813182037518
2025-06-03,2,Brookhaven RP,4924922222,41123460.0,440452.3245,15.567426730698704
2025-06-03,3,Dead Rails,116495829188952,31654118.0,297753.6243,13.562732303295537
2025-06-03,4,Blox Fruits,2753915549,23114016.0,271119.007,16.934619288216545
2025-06-03,5,Bubble Gum Simulator INFINITY,85896571713843,4810574.0,195506.4792,56.481373425141
2025-06-03,6,Forsaken,18687417158,11974692.0,153884.0,18.5319163898296
2025-06-03,7,Blue Lock: Rivals,18668065416,10988250.0,120670.7053,16.079808020581876
2025-06-03,8,The Strongest Battlegrounds,10449761463,13655846.0,97791.317,10.379167646300717
2025-06-03,9,RIVALS,17625359962,23779225.0,96351.0625,5.838348401424208
2025-06-03,10,Dandy's World,16116270224,9858901.0,86822.8966,12.784735522815158
2025-06-03,11,Steal a Brainrot,109983668079237,8437030.0,68138.6042,11.58397109058446
2025-06-03,12,DANGEROUS NIGHT,109686116036889,1108964.0,13026.5368,16.81271217088967
2025-06-03,13,Troll IQ Tower,93425839212718,1897103.0,10896.4468,8.218870215468975
2025-06-03,14,Steal a Character,101354156600579,1581277.0,9647.1915,8.73425183008255
2025-06-03,15,Anime Shadow 2,136755111277466,320199.0,9232.8125,54.41043276640098
2025-06-03,16,CNA Simulator,16864008714,761309.0,7993.0213,15.169991858751308
2025-06-03,17,My Fishing Pier,94682676231618,251711.0,3058.0213,17.38709494172921
2025-06-03,18,I WANNA RUN AWAY!,91542981964579,347458.0,1312.7917,5.550092309144425
2025-06-03,19,Steal a Baddie,70671905624144,165376.0,1004.2708,8.85445003000954
2025-06-03,20,Heian,14773491200,,,
2025-06-03,21,Voxel Sandbox,101570908642635,,,
2025-06-04,1,Grow a Garden,126884695634066,197810608.0,1815745.1056,13.33654548312032
2025-06-04,2,Brookhaven RP,4924922222,40681236.0,442542.2222,15.624520546707638
2025-06-04,3,Dead Rails,116495829188952,26570864.0,307941.1889,16.72860669860051
2025-06-04,4,Blox Fruits,2753915549,23280192.0,271316.7111,16.71714989896151
2025-06-04,5,Bubble Gum Simulator INFINITY,85896571713843,4537425.0,180827.375,55.35762554311321
2025-06-04,6,Forsaken,18687417158,11517170.0,147657.1667,18.382971770021552
2025-06-04,7,Blue Lock: Rivals,18668065416,10414244.0,110718.7278,15.61863079278724
2025-06-04,8,The Strongest Battlegrounds,10449761463,13760654.0,97199.6236,10.22979920269979
2025-06-04,9,RIVALS,17625359962,21460019.0,87486.2292,5.850628345910248
2025-06-04,10,Steal a Brainrot,109983668079237,11113795.0,86844.8542,11.230817698503296
2025-06-04,11,Dandy's World,16116270224,9749053.0,85935.1514,12.77372747046652
2025-06-04,12,Anime Shadow 2,136755111277466,384246.0,12202.3125,48.55917108094271
2025-06-04,13,DANGEROUS NIGHT,109686116036889,990082.0,11659.6105,17.11767062933551
2025-06-04,14,Troll IQ Tower,93425839212718,1778065.0,10121.2211,8.162320374045526
2025-06-04,15,Steal a Character,101354156600579,1604598.0,9664.9158,8.757895982381681
2025-06-04,16,CNA Simulator,16864008714,844901.0,8654.3333,14.919018285514603
2025-06-04,17,Voxel Sandbox,101570908642635,260571.0,2499.25,13.77810637616426
2025-06-04,18,My Fishing Pier,94682676231618,198240.0,2461.0417,18.00179307134089
2025-06-04,19,I WANNA RUN AWAY!,91542981964579,458966.0,1876.1875,5.906957425892739
2025-06-04,20,Steal a Baddie,70671905624144,181037.0,1172.6458,9.455974380916986
2025-06-04,21,Heian,14773491200,,,
2025-06-05,1,Grow a Garden,126884695634066,197713757.0,1772066.493,12.976470816962784
2025-06-05,2,Brookhaven RP,4924922222,40788459.0,450566.3933,15.938642707211711
2025-06-05,3,Dead Rails,116495829188952,28577961.0,308126.7051,16.240454101405216
2025-06-05,4,Blox Fruits,2753915549,23294016.0,273581.264,16.89978120816967
2025-06-05,5,Bubble Gum Simulator INFINITY,85896571713843,4239867.0,179701.2292,57.21577510777508
2025-06-05,6,Forsaken,18687417158,12371482.0,159801.6458,18.65436941702378
2025-06-05,7,Blue Lock: Rivals,18668065416,9994807.0,107256.1966,16.057856023457173
2025-06-05,8,The Strongest Battlegrounds,10449761463,13893234.0,99111.0702,10.309812014607346
2025-06-05,9,Steal a Brainrot,109983668079237,12600625.0,94794.5625,10.875905971474994
2025-06-05,10,RIVALS,17625359962,22742910.0,93104.5208,5.886685985773092
2025-06-05,11,Berry Avenue RP,8481844229,6316370.0,58757.9097,13.465436689290913
2025-06-05,12,Anime Shadow 2,136755111277466,289110.0,13732.6875,59.35894902637303
2025-06-05,13,DANGEROUS NIGHT,109686116036889,1079795.0,12536.9368,16.81515211854568
2025-06-05,14,Steal a Character,101354156600579,1817780.0,10944.9263,8.712556555074356
2025-06-05,15,Troll IQ Tower,93425839212718,1914198.0,10771.8421,8.107087103045098
2025-06-05,16,CNA Simulator,16864008714,1032144.0,10261.4792,14.42545677222904
2025-06-05,17,My Fishing Pier,94682676231618,308336.0,3694.8958,17.663039415632234
2025-06-05,18,I WANNA RUN AWAY!,91542981964579,684571.0,2775.6042,5.976087115797422
2025-06-05,19,Voxel Sandbox,101570908642635,272641.0,2621.7083,14.250725191958384
2025-06-05,20,Steal a Baddie,70671905624144,248719.0,1599.1667,9.46453960548802
2025-06-05,21,Heian,14773491200,,,
2025-06-06,1,Grow a Garden,126884695634066,208555036.0,1865691.1167,12.847207048406922
2025-06-06,2,Brookhaven RP,4924922222,47253086.0,503637.6625,15.400478659126456
2025-06-06,3,Dead Rails,116495829188952,32717925.0,339096.8903,14.726623440205342
2025-06-06,4,Blox Fruits,2753915549,24731345.0,281309.5444,16.49795979450004
2025-06-06,5,Forsaken,18687417158,14196782.0,181730.8542,18.402796478286994
2025-06-06,6,️ RIVALS,17625359962,21343880.0,131214.125,9.34037825227025
2025-06-06,7,Steal a Brainrot,109983668079237,15951652.0,117965.0208,10.683671121247984
2025-06-06,8,Blue Lock: Rivals,18668065416,10365249.0,107312.1458,15.282230578751776
2025-06-06,9,The Strongest Battlegrounds,10449761463,14634153.0,104780.9278,10.32707066893338
2025-06-06,10,Dandy's World,16116270224,10726613.0,94191.1708,12.678248888205488
2025-06-06,11,Berry Avenue RP,8481844229,6935989.0,63485.4236,13.264573936887652
2025-06-06,12,Anime Shadow 2,136755111277466,341177.0,14086.6042,57.344872708790014
2025-06-06,13,DANGEROUS NIGHT,109686116036889,1207462.0,13782.75,16.615437688666812
2025-06-06,14,Steal a Character,101354156600579,1977806.0,11755.9375,8.60528691488467
2025-06-06,15,Troll IQ Tower,93425839212718,2055857.0,11144.1146,7.760157926253373
2025-06-06,16,CNA Simulator,16864008714,1123671.0,10442.5208,13.424272065135618
2025-06-06,17,My Fishing Pier,94682676231618,538987.0,6366.6667,17.05794902452455
2025-06-06,18,I WANNA RUN AWAY!,91542981964579,1346898.0,5639.3542,6.05299740518837
2025-06-06,19,Voxel Sandbox,101570908642635,603079.0,5543.2083,13.301450393734555
2025-06-06,20,Steal a Baddie,70671905624144,396094.0,2696.0833,9.939588483436514
2025-06-06,21,99 Nights in the Forest,79546208627805,11634.0,168.3333,21.55515224388135
2025-06-06,22,Heian,14773491200,,,
2025-06-07,1,Grow a Garden,126884695634066,293981376.0,2950315.1584,14.358542619384696
2025-06-07,2,Brookhaven RP,4924922222,57155259.0,623570.6567,15.833092379306937
2025-06-07,3,Dead Rails,116495829188952,53087673.0,611837.0354,16.866957266571006
2025-06-07,4,Blox Fruits,2753915549,26328907.0,289125.196,15.934883307243126
2025-06-07,5,Forsaken,18687417158,15531209.0,200368.3542,18.558373726008696
2025-06-07,6,Steal a Brainrot,109983668079237,21592036.0,168992.2708,11.105906154772208
2025-06-07,7,️ RIVALS,17625359962,17024431.0,139653.8125,11.815378359390174
2025-06-07,8,Blue Lock: Rivals,18668065416,18634951.0,135631.447,12.932630447241042
2025-06-07,9,Dress To Impress,15101393044,16305851.0,125265.2957,12.260970685053238
2025-06-07,10,The Strongest Battlegrounds,10449761463,15449492.0,111465.16,10.393380866440022
2025-06-07,11,Berry Avenue RP,8481844229,8213280.0,74667.4214,13.242261043290748
2025-06-07,12,Basketball: Zero,130739873848552,5459794.0,51332.2979,13.490411928791223
2025-06-07,13,DANGEROUS NIGHT,109686116036889,1368351.0,15649.3736,16.73352384957578
2025-06-07,14,Anime Shadow 2,136755111277466,330105.0,15018.0,59.021492087776224
2025-06-07,15,Steal a Character,101354156600579,2210991.0,12823.6196,8.31916375786135
2025-06-07,16,Troll IQ Tower,93425839212718,2222508.0,12003.1778,7.79943259267066
2025-06-07,17,CNA Simulator,16864008714,1130314.0,10378.4681,13.151061704673648
2025-06-07,18,My Fishing Pier,94682676231618,716049.0,7425.9565,15.724123778682468
2025-06-07,19,Voxel Sandbox,101570908642635,829089.0,7347.4565,13.158781072954644
2025-06-07,20,I WANNA RUN AWAY!,91542981964579,1353023.0,5241.3478,5.589082184757876
2025-06-07,21,Steal a Baddie,70671905624144,657865.0,4490.0217,10.141225048254748
2025-06-07,22,99 Nights in the Forest,79546208627805,74492.0,852.5957,18.288250525537467
2025-06-07,23,Heian,14773491200,,,
2025-06-08,1,Grow a Garden,126884695634066,293626187.0,2741856.15,13.453794825572029
2025-06-08,2,Brookhaven RP,4924922222,57342615.0,642607.7778,16.131899125393012
2025-06-08,3,Dead Rails,116495829188952,45013068.0,565448.2292,18.08696451421555
2025-06-08,4,Blox Fruits,2753915549,26202771.0,291533.8417,16.0743527592551
2025-06-08,5,Steal a Brainrot,109983668079237,26843993.0,210155.1458,11.410541971665346
2025-06-08,6,Forsaken,18687417158,15538476.0,204866.3958,18.956846628893818
2025-06-08,7,️ RIVALS,17625359962,15726706.0,131747.125,12.04631297931916
2025-06-08,8,Blue Lock: Rivals,18668065416,14871465.0,129191.4167,12.65083207431542
2025-06-08,9,The Strongest Battlegrounds,10449761463,15120484.0,108225.3958,10.380042956289934
2025-06-08,10,Murder Mystery 2,142823291,12470086.0,99176.0903,11.460518076221042
2025-06-08,11,Berry Avenue RP,8481844229,8561229.0,79709.9792,13.493382812499869
2025-06-08,12,Basketball: Zero,130739873848552,4258975.0,42293.9583,14.385283972274708
2025-06-08,13,Heian,14773491200,2074701.0,19923.75,14.018066325330327
2025-06-08,14,DANGEROUS NIGHT,109686116036889,1366843.0,16409.2188,17.387417182364157
2025-06-08,15,Anime Shadow 2,136755111277466,343291.0,14760.6042,58.06292344143869
2025-06-08,16,Troll IQ Tower,93425839212718,2160996.0,11920.9375,7.8941265876114
2025-06-08,17,Steal a Character,101354156600579,1977168.0,11217.0938,8.18085254379374
2025-06-08,18,CNA Simulator,16864008714,1162887.0,10791.6875,13.363528141999568
2025-06-08,19,I WANNA RUN AWAY!,91542981964579,2622511.0,10290.375,5.647688651901972
2025-06-08,20,Voxel Sandbox,101570908642635,1064556.0,9569.0208,12.954563820622363
2025-06-08,21,My Fishing Pier,94682676231618,793551.0,9038.1042,16.658103826865215
2025-06-08,22,Steal a Baddie,70671905624144,789586.0,5543.5208,10.214622894694497
2025-06-08,23,99 Nights in the Forest,79546208627805,,1520.3958,18.978800273617164
2025-06-09,1,Berry Avenue RP,8481844229,8011034.0,66695.0294,13.319678291693576
2025-06-09,2,Basketball: Zero,130739873848552,3658665.0,34832.9565,14.783302486687656
2025-06-09,3,I WANNA RUN AWAY!,91542981964579,,19744.5333,5.574072338567807
2025-06-09,4,Heian,14773491200,,16569.8,12.866469146286144
2025-06-09,5,Anime Shadow 2,136755111277466,,16284.1333,58.34478972033015
2025-06-09,6,DANGEROUS NIGHT,109686116036889,1036394.0,12663.9783,17.46472556455691
2025-06-09,7,CNA Simulator,16864008714,,11718.2,13.489645112321522
2025-06-09,8,Troll IQ Tower,93425839212718,1888625.0,10484.6237,7.942852337375339
2025-06-09,9,Voxel Sandbox,101570908642635,,9096.8889,12.608328995256535
2025-06-09,10,Steal a Character,101354156600579,1566540.0,8542.0435,7.931242680305455
2025-06-09,11,My Fishing Pier,94682676231618,,8251.0667,17.5464103464108
2025-06-09,12,Steal a Baddie,70671905624144,,7311.2444,10.26959822712421
2025-06-09,13,99 Nights in the Forest,79546208627805,,2227.8444,19.72485629051742
2025-06-10,1,Grow a Garden,126884695634066,234212150.0,2128138.4419,12.217952994717397
2025-06-10,2,Brookhaven RP,4924922222,40316085.0,477200.6495,15.887773523665944
2025-06-10,3,Dead Rails,116495829188952,28534103.0,372542.2293,17.65545804662462
2025-06-10,4,Blox Fruits,2753915549,19346074.0,229330.8006,16.033484810444953
2025-06-10,5,Steal a Brainrot,109983668079237,25832169.0,188415.2558,9.890082106826402
2025-06-10,6,Forsaken,18687417158,11798483.0,159688.9767,18.303397918485143
2025-06-10,7,️ RIVALS,17625359962,10133753.0,88674.6047,11.831642773685916
2025-06-10,8,Blue Lock: Rivals,18668065416,7647023.0,87066.9306,15.635749617931989
2025-06-10,9,Murder Mystery 2,142823291,10231802.0,86485.8346,11.41131627408462
2025-06-10,10,The Strongest Battlegrounds,10449761463,11346603.0,86292.6233,10.393704294052451
2025-06-10,11,Berry Avenue RP,8481844229,6477146.0,62409.1654,13.216189124318731
2025-06-10,12,Basketball: Zero,130739873848552,2932702.0,31873.7674,14.971030297823615
2025-06-10,13,99 Nights in the Forest,79546208627805,,,20.113658190538537
2025-06-11,1,Grow a Garden,126884695634066,235599831.0,2187959.5208,13.299103333315117
2025-06-11,2,Brookhaven RP,4924922222,44086429.0,481951.7014,15.765081012910857
2025-06-11,3,Dead Rails,116495829188952,30274261.0,366197.8972,17.419525601608328
2025-06-11,4,Blox Fruits,2753915549,21150575.0,233293.7611,15.861037439656648
2025-06-11,5,Steal a Brainrot,109983668079237,32719724.0,215710.5,9.559335603375484
2025-06-11,6,Forsaken,18687417158,12962940.0,163531.8125,18.14351370711354
2025-06-11,7,️ RIVALS,17625359962,11153927.0,90683.6875,11.726504028306389
2025-06-11,8,The Strongest Battlegrounds,10449761463,12814357.0,89001.525,10.045672745970135
2025-06-11,9,Murder Mystery 2,142823291,11200001.0,87830.0417,11.375600473052437
2025-06-11,10,Blue Lock: Rivals,18668065416,8142116.0,85976.2458,15.822367007127092
2025-06-11,11,Berry Avenue RP,8481844229,7155297.0,64118.7083,13.055142198562022
2025-06-11,12,Basketball: Zero,130739873848552,3091997.0,31571.1458,14.89194317484485
2025-06-11,13,99 Nights in the Forest,79546208627805,387746.0,5552.0833,21.01209866262928
2025-06-12,1,Grow a Garden,126884695634066,236577728.0,2163743.9667,13.11928065684116
2025-06-12,2,Brookhaven RP,4924922222,45889070.0,495914.1194,15.712990865768944
2025-06-12,3,Dead Rails,116495829188952,29280353.0,350877.6569,17.232019555040203
2025-06-12,4,Steal a Brainrot,109983668079237,38878940.0,249114.3333,9.272084504008038
2025-06-12,5,Blox Fruits,2753915549,20797608.0,231475.1583,16.107645276271345
2025-06-12,6,Forsaken,18687417158,13251171.0,166350.7083,18.120050518999577
2025-06-12,7,️ Bubble Gum Simulator INFINITY,85896571713843,3198959.0,91197.2292,40.897152199783065
2025-06-12,8,The Strongest Battlegrounds,10449761463,12835646.0,90250.1639,10.177209809156292
2025-06-12,9,️ RIVALS,17625359962,10916116.0,89886.2708,11.883188533902445
2025-06-12,10,Murder Mystery 2,142823291,11238664.0,87322.8252,11.26710423784484
2025-06-12,11,Berry Avenue RP,8481844229,7190863.0,64664.6806,13.081724684267856
2025-06-12,12,Basketball: Zero,130739873848552,3024476.0,31545.9167,15.248595787474189
2025-06-12,13,99 Nights in the Forest,79546208627805,511101.0,7258.1667,20.73402977415917
2025-06-13,1,Grow a Garden,126884695634066,245575919.0,2205558.3667,12.844380233799656
2025-06-13,2,Brookhaven RP,4924922222,49975874.0,531605.0486,15.432979315833975
2025-06-13,3,Dead Rails,116495829188952,30983458.0,365710.7458,17.033355408363335
2025-06-13,4,Steal a Brainrot,109983668079237,48499613.0,303236.7083,9.060442303978023
2025-06-13,5,Blox Fruits,2753915549,22192604.0,243395.2819,15.858507253195752
2025-06-13,6,Forsaken,18687417158,20466911.0,237509.5,16.858382709560512
2025-06-13,7,RIVALS,17625359962,13948289.0,110339.0833,11.46260007187842
2025-06-13,8,️ Bubble Gum Simulator INFINITY,85896571713843,2997979.0,100185.1667,48.13041920294288
2025-06-13,9,The Strongest Battlegrounds,10449761463,13876472.0,96611.2194,10.087820073233216
2025-06-13,10,Blue Lock: Rivals,18668065416,8554240.0,88383.9042,15.40115199795811
2025-06-13,11,Berry Avenue RP,8481844229,7681419.0,68527.3776,13.019003220717645
2025-06-13,12,Anime Last Stand,12886143095,2118544.0,55192.9167,38.01238716776528
2025-06-13,13,Basketball: Zero,130739873848552,5219657.0,44984.875,14.607829737388483
2025-06-13,14,Anime Vanguards,16146832113,1878736.0,32869.2083,25.74800058058268
2025-06-13,15,Welcome to Bloxburg,185655149,2440930.0,32338.875,19.159705392933173
2025-06-13,16,99 Nights in the Forest,79546208627805,648975.0,9173.2083,20.50511372283181
2025-06-14,1,Grow a Garden,126884695634066,366166875.0,3663445.3528,13.67495862677807
2025-06-14,2,Brookhaven RP,4924922222,58962160.0,613669.4472,14.965307460188908
2025-06-14,3,Dead Rails,116495829188952,35070554.0,410960.7097,16.82335442876063
2025-06-14,4,Steal a Brainrot,109983668079237,63883955.0,398397.7292,8.986104995020451
2025-06-14,5,Blox Fruits,2753915549,25028046.0,274915.3528,15.874907081353104
2025-06-14,6,Forsaken,18687417158,18517794.0,222404.75,17.28735754746013
2025-06-14,7,Blue Lock: Rivals,18668065416,18714462.0,143367.3361,13.73564710408803
2025-06-14,8,RIVALS,17625359962,16320827.0,130731.6667,11.564022096926855
2025-06-14,9,️ Bubble Gum Simulator INFINITY,85896571713843,3285154.0,111421.0625,49.269150295888245
2025-06-14,10,The Strongest Battlegrounds,10449761463,15731253.0,105760.3486,9.887245390279553
2025-06-14,11,Berry Avenue RP,8481844229,8773475.0,77771.7569,12.833652616970491
2025-06-14,12,Anime Last Stand,12886143095,2140417.0,54216.4375,36.88135694515785
2025-06-14,13,Basketball: Zero,130739873848552,5105459.0,47497.6042,13.438835333076703
2025-06-14,14,Welcome to Bloxburg,185655149,2457615.0,33401.8264,19.63176712645323
2025-06-14,15,Anime Vanguards,16146832113,1861145.0,30976.2292,24.341581975662933
2025-06-14,16,99 Nights in the Forest,79546208627805,1117487.0,15546.5417,20.16534764385701
2025-06-15,1,Grow a Garden,126884695634066,335104555.0,3114920.5556,13.2375269505182
2025-06-15,2,Brookhaven RP,4924922222,58610505.0,613250.7431,15.079459585591811
2025-06-15,3,Steal a Brainrot,109983668079237,69623724.0,420226.9167,8.751296944396685
2025-06-15,4,Dead Rails,116495829188952,33356711.0,390328.8458,16.777803556368788
2025-06-15,5,Blox Fruits,2753915549,24306101.0,267555.8833,15.91407145181438
2025-06-15,6,Forsaken,18687417158,16764466.0,204546.625,17.53031381421359
2025-06-15,7,Blue Lock: Rivals,18668065416,17582224.0,145021.65,12.020230761863385
2025-06-15,8,The Strongest Battlegrounds,10449761463,18022803.0,121586.0625,9.73374732925189
2025-06-15,9,️ Bubble Gum Simulator INFINITY,85896571713843,3200079.0,107015.1667,48.2615240667202
2025-06-15,10,Murder Mystery 2,142823291,13223174.0,98368.0764,10.777810919686322
2025-06-15,11,Berry Avenue RP,8481844229,8981648.0,78915.3333,12.74112218390227
2025-06-15,12,Anime Last Stand,12886143095,2126551.0,54300.6667,37.2241162173123
2025-06-15,13,Basketball: Zero,130739873848552,5336493.0,47072.125,12.951284942414114
2025-06-15,14,Welcome to Bloxburg,185655149,2449617.0,34405.1042,20.3743590796832
2025-06-15,15,Anime Vanguards,16146832113,1736937.0,29708.8125,24.98268665940768
2025-06-15,16,99 Nights in the Forest,79546208627805,1382315.0,19662.875,20.636470985231195
2025-06-16,1,Grow a Garden,126884695634066,256555384.0,2389742.2306,13.248546355477682
2025-06-16,2,Brookhaven RP,4924922222,44670388.0,498236.1014,15.979565175540577
2025-06-16,3,Steal a Brainrot,109983668079237,58342459.0,358068.4375,8.850688377650352
2025-06-16,4,Dead Rails,116495829188952,24364827.0,299294.1236,17.528933158841486
2025-06-16,5,Blox Fruits,2753915549,19364111.0,220735.5028,16.443373634418265
2025-06-16,6,Forsaken,18687417158,13296117.0,170592.4167,18.40123203519258
2025-06-16,7,Blue Lock: Rivals,18668065416,15203494.0,118453.8278,12.20262607503524
2025-06-16,8,Bubble Gum Simulator INFINITY,85896571713843,2812689.0,104862.0417,53.72212196423382
2025-06-16,9,The Strongest Battlegrounds,10449761463,13989455.0,100240.225,10.381688845499696
2025-06-16,10,Murder Mystery 2,142823291,11649651.0,93483.0069,11.551038963774603
2025-06-16,11,Berry Avenue RP,8481844229,7831548.0,71378.3681,13.21220916602423
2025-06-16,12,Anime Last Stand,12886143095,1650357.0,46430.1042,40.88107376203934
2025-06-16,13,Basketball: Zero,130739873848552,4063445.0,39043.6875,14.050434913902642
2025-06-16,14,Welcome to Bloxburg,185655149,2115117.0,31316.4306,21.491947624829127
2025-06-16,15,Anime Vanguards,16146832113,1453996.0,26470.1667,26.57159054209271
2025-06-16,16,99 Nights in the Forest,79546208627805,1268574.0,18937.0625,21.599960565177508
2025-06-17,1,Grow a Garden,126884695634066,253028396.0,2228896.3597,12.581937907143253
2025-06-17,2,Brookhaven RP,4924922222,42836388.0,483036.1403,16.308301916307823
2025-06-17,3,Steal a Brainrot,109983668079237,62632081.0,377703.0417,8.697442505579568
2025-06-17,4,Dead Rails,116495829188952,23399845.0,272395.9972,16.88613357079843
2025-06-17,5,Blox Fruits,2753915549,19547076.0,220688.175,16.33932147558612
2025-06-17,6,Forsaken,18687417158,13101096.0,168104.0208,18.493434790419307
2025-06-17,7,Blue Lock: Rivals,18668065416,10288585.0,103051.0153,14.775600250762018
2025-06-17,8,Bubble Gum Simulator INFINITY,85896571713843,3137329.0,94613.5625,47.81168210670683
2025-06-17,9,Murder Mystery 2,142823291,11707976.0,93825.3333,11.62610450483226
2025-06-17,10,The Strongest Battlegrounds,10449761463,14975025.0,92607.8917,8.942482275443986
2025-06-17,11,Anime Last Stand,12886143095,3161143.0,70349.9583,34.75427442963395
2025-06-17,12,Berry Avenue RP,8481844229,8516175.0,65444.1667,11.678359720474484
2025-06-17,13,99 Nights in the Forest,79546208627805,2755795.0,37306.9792,19.83160690161289
2025-06-17,14,Basketball: Zero,130739873848552,3771140.0,37265.8542,14.540789075162108
2025-06-17,15,Welcome to Bloxburg,185655149,2100344.0,31324.2986,21.72442857860696
2025-06-17,16,Anime Vanguards,16146832113,1243445.0,24011.7292,28.206927374681097
2025-06-17,17,Ink Game,99567941238278,,,
2025-06-18,1,Grow a Garden,126884695634066,239299597.0,2203010.6597,13.061255852285344
2025-06-18,2,Brookhaven RP,4924922222,44564296.0,503046.8417,16.31327974042274
2025-06-18,3,Steal a Brainrot,109983668079237,69596148.0,411796.125,8.565027641119398
2025-06-18,4,Dead Rails,116495829188952,22596626.0,279470.2236,17.77903773774073
2025-06-18,5,Blox Fruits,2753915549,19526043.0,221762.3375,16.563287247456394
2025-06-18,6,Forsaken,18687417158,16384361.0,194789.8542,17.44482036718497
2025-06-18,7,The Strongest Battlegrounds,10449761463,13543433.0,96500.3583,10.328834761669984
2025-06-18,8,Murder Mystery 2,142823291,11941579.0,96295.6319,11.6695662715823
2025-06-18,9,Blue Lock: Rivals,18668065416,9576671.0,95425.1444,14.71551942153654
2025-06-18,10,Anime Last Stand,12886143095,2849950.0,78227.5,40.47246496395182
2025-06-18,11,Berry Avenue RP,8481844229,7962559.0,72540.0278,13.237229185571262
2025-06-18,12,99 Nights in the Forest,79546208627805,3856258.0,52724.0625,19.846633828540703
2025-06-18,13,Basketball: Zero,130739873848552,4068116.0,40437.625,14.87856462639592
2025-06-18,14,Welcome to Bloxburg,185655149,2127332.0,31676.5208,21.59290691074436
2025-06-18,15,Anime Vanguards,16146832113,1309787.0,24492.2708,27.518841961034767
2025-06-18,16,Ink Game,99567941238278,,,
2025-06-19,1,Grow a Garden,126884695634066,249757848.0,2288420.6968,13.154537748892189
2025-06-19,2,Brookhaven RP,4924922222,50412084.0,571486.9972,16.28796639657835
2025-06-19,3,Steal a Brainrot,109983668079237,76759714.0,449321.8125,8.43533726294906
2025-06-19,4,Dead Rails,116495829188952,23149365.0,290179.2086,18.00602608933272
2025-06-19,5,Blox Fruits,2753915549,20437655.0,235720.1944,16.634807012368697
2025-06-19,6,Forsaken,18687417158,15322295.0,199963.8958,18.76880931155081
2025-06-19,7,The Strongest Battlegrounds,10449761463,14001356.0,100423.3139,10.384376906697495
2025-06-19,8,Murder Mystery 2,142823291,12418615.0,99395.7431,11.583689831103754
2025-06-19,9,Blue Lock: Rivals,18668065416,9347980.0,92219.0431,14.55504144230641
2025-06-19,10,Anime Last Stand,12886143095,2707420.0,78790.25,42.41763469636951
2025-06-19,11,99 Nights in the Forest,79546208627805,5936599.0,77006.0833,19.612135880057
2025-06-19,12,Basketball: Zero,130739873848552,4553407.0,48083.4375,15.494018639853868
2025-06-19,13,Welcome to Bloxburg,185655149,2269752.0,33535.6736,21.434755520360863
2025-06-19,14,Anime Vanguards,16146832113,1462887.0,27458.0417,27.53136972513476
2025-06-19,15,Ink Game,99567941238278,,,
2025-06-20,1,Grow a Garden,126884695634066,274538919.0,2481970.0306,13.089554286450976
2025-06-20,2,Brookhaven RP,4924922222,55094278.0,619121.9556,16.348072053110357
2025-06-20,3,Steal a Brainrot,109983668079237,83402731.0,479891.125,8.310688424373359
2025-06-20,4,Dead Rails,116495829188952,24348707.0,303013.0514,17.952907346432912
2025-06-20,5,Blox Fruits,2753915549,20968598.0,243100.9417,16.76199055611466
2025-06-20,6,Forsaken,18687417158,15603093.0,203258.8125,18.73733511045425
2025-06-20,7,RIVALS,17625359962,13732089.0,111679.5417,11.801064658834168
2025-06-20,8,The Strongest Battlegrounds,10449761463,14858900.0,106133.4083,10.33994462208957
2025-06-20,9,99 Nights in the Forest,79546208627805,8062706.0,106052.6667,18.97692142550728
2025-06-20,10,Basketball: Zero,130739873848552,9656242.0,85292.75,16.536561722094746
2025-06-20,11,Anime Last Stand,12886143095,2728437.0,78798.4167,42.24411037437262
2025-06-20,12,Welcome to Bloxburg,185655149,2201996.0,32840.0347,21.611563024975784
2025-06-20,13,Anime Vanguards,16146832113,1559106.0,22983.5417,24.588165274045675
2025-06-20,14,Ink Game,99567941238278,,,
2025-06-21,1,Grow a Garden,126884695634066,447230795.0,4579174.4314,13.89810621585369
2025-06-21,2,Brookhaven RP,4924922222,60705361.0,690108.8261,16.376718916026174
2025-06-21,3,Steal a Brainrot,109983668079237,100006454.0,584603.125,8.222873003113271
2025-06-21,4,Dead Rails,116495829188952,35902287.0,403259.0575,16.073523870471483
2025-06-21,5,Blox Fruits,2753915549,22009665.0,251949.1613,16.593638865673594
2025-06-21,6,Forsaken,18687417158,15914321.0,203057.7708,18.503922213243133
2025-06-21,7,RIVALS,17625359962,16197381.0,129407.0625,11.542661325473118
2025-06-21,8,99 Nights in the Forest,79546208627805,7854445.0,107074.2083,19.65923598079805
2025-06-21,9,The Strongest Battlegrounds,10449761463,15644010.0,106854.861,9.855024627774716
2025-06-21,10,Blue Lock: Rivals,18668065416,13087589.0,97363.7475,12.74015706644274
2025-06-21,11,Anime Vanguards,16146832113,4269420.0,74916.1875,25.65109476265577
2025-06-21,12,Anime Last Stand,12886143095,2501442.0,70211.9583,40.90400878319596
2025-06-21,13,Welcome to Bloxburg,185655149,2484168.0,34002.8194,20.38227437320627
2025-06-21,14,Ink Game,99567941238278,,,
2025-06-22,1,Grow a Garden,126884695634066,396090981.0,3382912.6306,12.104862702374158
2025-06-22,2,Brookhaven RP,4924922222,60439721.0,692116.9472,16.451072061482048
2025-06-22,3,Steal a Brainrot,109983668079237,103571304.0,606391.6042,8.459473212947989
2025-06-22,4,Dead Rails,116495829188952,33170074.0,403890.1375,17.556697517658808
2025-06-22,5,Blox Fruits,2753915549,22037278.0,250992.9069,16.350512701069523
2025-06-22,6,Forsaken,18687417158,15937487.0,207010.375,18.67034611011109
2025-06-22,7,RIVALS,17625359962,15702478.0,120439.8333,11.010274436291326
2025-06-22,8,99 Nights in the Forest,79546208627805,8824830.0,119173.0833,19.458363387856124
2025-06-22,9,Murder Mystery 2,142823291,13460666.0,107619.0833,11.577395779439284
2025-06-22,10,The Strongest Battlegrounds,10449761463,15632381.0,103343.2708,9.575633449954596
2025-06-22,11,Anime Vanguards,16146832113,3607578.0,78456.2292,31.723911626169382
2025-06-22,12,Anime Last Stand,12886143095,2426527.0,69329.0,41.43443143533595
2025-06-22,13,Welcome to Bloxburg,185655149,3126736.0,43479.3264,20.044630839891493
2025-06-22,14,Ink Game,99567941238278,,,
2025-06-23,1,Grow a Garden,126884695634066,291229088.0,2488750.7056,12.257412049966671
2025-06-23,2,Brookhaven RP,4924922222,51369987.0,584825.9472,16.451796773687022
2025-06-23,3,Steal a Brainrot,109983668079237,91668820.0,508200.0,7.95803643792305
2025-06-23,4,Dead Rails,116495829188952,26270223.0,318744.3139,17.526195034784422
2025-06-23,5,Blox Fruits,2753915549,18627351.0,215819.2375,16.766902145104382
2025-06-23,6,Forsaken,18687417158,13836120.0,177259.8542,18.469600818857582
2025-06-23,7,99 Nights in the Forest,79546208627805,8389754.0,112269.3542,19.50090064317212
2025-06-23,8,Murder Mystery 2,142823291,12657105.0,101236.2639,11.597390331067896
2025-06-23,9,The Strongest Battlegrounds,10449761463,13209910.0,87638.1625,9.621964397286115
2025-06-23,10,Anime Vanguards,16146832113,3097076.0,74148.6458,34.9531511663756
2025-06-23,11,Berry Avenue RP,8481844229,8471681.0,70962.9792,12.319557423751831
2025-06-23,12,Anime Last Stand,12886143095,2093475.0,63067.1042,43.86404619028418
2025-06-23,13,Welcome to Bloxburg,185655149,2945694.0,42386.8611,20.91164436733436
2025-06-23,14,Ink Game,99567941238278,,,
2025-06-24,1,Grow a Garden,126884695634066,276457528.0,2483386.0653,12.8858476138586
2025-06-24,2,Brookhaven RP,4924922222,50558686.0,573857.0389,16.41334988086066
2025-06-24,3,Steal a Brainrot,109983668079237,93015820.0,506482.375,7.835109109260039
2025-06-24,4,Dead Rails,116495829188952,25174891.0,307926.6194,17.62904742151735
2025-06-24,5,Blox Fruits,2753915549,18285117.0,210792.6264,16.70657577140994
2025-06-24,6,Forsaken,18687417158,13698988.0,174598.3542,18.363157959426523
2025-06-24,7,99 Nights in the Forest,79546208627805,9334474.0,125132.0833,19.4313570885388
2025-06-24,8,Murder Mystery 2,142823291,12800787.0,102190.0833,11.530686985305028
2025-06-24,9,The Strongest Battlegrounds,10449761463,12514717.0,88998.7347,10.289588114535364
2025-06-24,10,Berry Avenue RP,8481844229,8425120.0,75618.6181,13.056459817639167
2025-06-24,11,Anime Vanguards,16146832113,2851112.0,72985.4583,37.37145366559755
2025-06-24,12,Anime Last Stand,12886143095,3033120.0,61603.3125,36.86301770134852
2025-06-24,13,Welcome to Bloxburg,185655149,2986810.0,43409.5972,21.26145722773377
2025-06-24,14,Ink Game,99567941238278,,,
2025-06-25,1,Grow a Garden,126884695634066,257032353.0,2339189.0736,12.918177234411564
2025-06-25,2,Brookhaven RP,4924922222,50555463.0,560165.8556,16.104395099180998
2025-06-25,3,Steal a Brainrot,109983668079237,94389608.0,516037.9375,7.850218663310534
2025-06-25,4,Dead Rails,116495829188952,24398079.0,298930.8708,17.66441861779509
2025-06-25,5,Blox Fruits,2753915549,18174987.0,208906.2653,16.6232374740433
2025-06-25,6,Forsaken,18687417158,14908300.0,176186.9583,17.299369070765646
2025-06-25,7,99 Nights in the Forest,79546208627805,10757039.0,143041.9583,19.24804158935848
2025-06-25,8,Murder Mystery 2,142823291,12778427.0,102980.6875,11.666208591461247
2025-06-25,9,The Strongest Battlegrounds,10449761463,12730224.0,91076.4333,10.386247237156953
2025-06-25,10,Anime Last Stand,12886143095,3516108.0,81990.2917,33.682760028417746
2025-06-25,11,Berry Avenue RP,8481844229,8643664.0,77335.0694,13.01414665823116
2025-06-25,12,Anime Vanguards,16146832113,2695502.0,70716.3333,38.48980848604621
2025-06-25,13,Welcome to Bloxburg,185655149,3173653.0,46575.0764,21.309588467137125
2025-06-25,14,Ink Game,99567941238278,,,
2025-06-26,1,Grow a Garden,126884695634066,267725319.0,2336087.5944,12.472954887672609
2025-06-26,2,Brookhaven RP,4924922222,50478567.0,562164.3903,16.20773989111066
2025-06-26,3,Steal a Brainrot,109983668079237,97659204.0,528354.1458,7.791979098479511
2025-06-26,4,Dead Rails,116495829188952,24419120.0,297206.6583,17.543012499330136
2025-06-26,5,Blox Fruits,2753915549,18579542.0,211418.5153,16.497899445323526
2025-06-26,6,Forsaken,18687417158,14904665.0,184924.2292,17.82699445979836
2025-06-26,7,99 Nights in the Forest,79546208627805,12699088.0,166000.1875,19.01333802855841
2025-06-26,8,Anime Last Stand,12886143095,2960594.0,76200.125,37.483011342234725
2025-06-26,9,Anime Vanguards,16146832113,2694774.0,71846.0417,39.12820617160886
2025-06-26,10,Welcome to Bloxburg,185655149,3446807.0,50147.9444,21.28083953899165
2025-06-26,11,Ink Game,99567941238278,,,
2025-06-27,1,Ink Game,99567941238278,832313.0,7430.2128,
2025-06-28,1,Grow a Garden ️,126884695634066,395910704.0,3742762.3014,12.76533489609965
2025-06-28,2,Steal a Brainrot,109983668079237,132238293.0,740269.1042,7.966438860157194
2025-06-28,3,Brookhaven RP,4924922222,55333084.0,628308.2583,16.318308404673562
2025-06-28,4,Dead Rails,116495829188952,26716437.0,321793.7944,17.351200992203893
2025-06-28,5,Blox Fruits,2753915549,20737308.0,236533.4722,16.439276185238104
2025-06-28,6,99 Nights in the Forest,79546208627805,16609216.0,225826.4375,19.62122721130013
2025-06-28,7,Forsaken,18687417158,16279425.0,205840.4583,18.20313672019445
2025-06-28,8,Dress To Impress,15101393044,18230398.0,160039.6583,13.011795220323876
2025-06-28,9,Welcome to Bloxburg,185655149,11066578.0,118526.2153,17.595557971866928
2025-06-28,10,RIVALS,17625359962,14724520.0,116982.3333,11.432847261211467
2025-06-28,11,Ink Game,99567941238278,3581078.0,31561.9167,12.94300718443922
2025-06-29,1,Ink Game,99567941238278,9465135.0,80397.5208,12.33386238183863
2025-06-30,1,Grow a Garden ️,126884695634066,283004983.0,2527493.0167,12.765942439489072
2025-06-30,2,Steal a Brainrot,109983668079237,126066987.0,634869.4583,7.266209018693107
2025-06-30,3,Brookhaven RP,4924922222,51533523.0,593788.9556,16.6528402181139
2025-06-30,4,Dead Rails,116495829188952,21698868.0,264918.6444,17.541702553247717
2025-06-30,5,99 Nights in the Forest,79546208627805,18416640.0,254755.8431,20.02127143415132
2025-06-30,6,Blox Fruits,2753915549,18032118.0,208974.2583,16.8188251593968
2025-06-30,7,Forsaken,18687417158,14388921.0,183359.2708,18.370821553691343
2025-06-30,8,Dress To Impress,15101393044,15686962.0,144650.7917,13.42105722827776
2025-06-30,9,Ink Game,99567941238278,15495349.0,130683.6667,12.20831065917128
2025-06-30,10,Welcome to Bloxburg,185655149,7806129.0,107402.1389,19.861883502464377
2025-07-01,1,Grow a Garden ️,126884695634066,257099707,2320245.1194,12.791888891012878
2025-07-01,2,Steal a Brainrot,109983668079237,126001178,631855.5833,7.195719616460721
2025-07-01,3,Brookhaven RP,4924922222,51598770,592172.1806,16.606756282512684
2025-07-01,4,Dead Rails,116495829188952,20329358,251942.475,17.800551520847627
2025-07-01,5,99 Nights in the Forest,79546208627805,19524844,271998.8264,20.266256447461593
2025-07-01,6,Ink Game,99567941238278,20696329,175314.8958,12.202344923654184
2025-07-01,7,Blox Fruits,2753915549,17435334,201396.2722,16.68713361918646
2025-07-01,8,Forsaken,18687417158,14187810,181105.0417,18.379033643805343
2025-07-01,9,Dress To Impress,15101393044,13163327,137141.7694,14.97775982067654
2025-07-01,10,Welcome to Bloxburg,185655149,6913575,96989.9236,20.650868373618067
