date,Rank,Name,Followers,Hours Watched,Average Viewers,Followers Gain
2025-05-20,1,caseoh\_,7050000,119143,52953,27084
2025-05-20,2,alfaline7,11000,35647,779,24
2025-05-20,3,thallecotv,17000,32302,715,5258
2025-05-20,4,anjoscampe,6000,28814,743,17
2025-05-20,5,mooda,458000,26342,5018,3433
2025-05-20,6,Bisteconee,1310000,24172,12612,7609
2025-05-20,7,abgamingx,8000,18429,371,251
2025-05-20,8,Skermz,274000,16291,3055,57
2025-05-20,9,strixtlyz,27000,14481,1279,1599
2025-05-20,10,theelivan,4000,13946,239,87
2025-05-20,11,melly,12000,13591,541,79
2025-05-20,12,TeiHuDeSaia,313,13341,431,193
2025-05-20,13,Papaplatte,2860000,12203,29286,7243
2025-05-20,14,saftazz,21000,11866,553,1353
2025-05-20,15,konvy,163000,10203,7653,878
2025-05-20,16,mosquitinho007,11000,8485,790,8
2025-05-20,17,cheesur,147000,7306,7970,598
2025-05-20,18,JessiesFetchQuest,4000,6765,44,23
2025-05-20,19,T2x2,1590000,6319,8425,7184
2025-05-20,20,Routxttt,9000,5976,1071,102
2025-05-21,1,caseoh\_,7050000,65442,52354,27692
2025-05-21,2,alfaline7,11000,35647,779,24
2025-05-21,3,thallecotv,17000,32302,715,5258
2025-05-21,4,anjoscampe,6000,27578,748,12
2025-05-21,5,abgamingx,8000,19483,368,267
2025-05-21,6,Skermz,274000,17657,3117,132
2025-05-21,7,mooda,458000,15108,5037,3689
2025-05-21,8,strixtlyz,27000,14810,1279,1210
2025-05-21,9,theelivan,4000,14297,258,82
2025-05-21,10,melly,12000,13523,551,65
2025-05-21,11,TeiHuDeSaia,313,13341,431,193
2025-05-21,12,Papaplatte,2860000,12203,29286,6833
2025-05-21,13,saftazz,21000,11866,553,893
2025-05-21,14,mdbh360,328,10642,392,12
2025-05-21,15,konvy,163000,10203,7653,868
2025-05-21,16,mosquitinho007,11000,8485,790,8
2025-05-21,17,cheesur,147000,7306,7970,598
2025-05-21,18,Masayoshi,649000,6733,1880,227
2025-05-21,19,JessiesFetchQuest,4000,6730,44,14
2025-05-21,20,T2x2,1590000,6319,8425,8568
2025-05-24,1,alfaline7,11000,35647,779,24
2025-05-24,2,sodapoppin,8960000,16283,10284,-565
2025-05-24,3,strixtlyz,30000,15846,1294,2560
2025-05-24,4,lydiaviolet,526000,13795,6623,-540
2025-05-24,5,theelivan,4000,13529,305,99
2025-05-24,6,TeiHuDeSaia,313,13341,431,193
2025-05-24,7,sandraskins,115000,12869,5515,1786
2025-05-24,8,abgamingx,8000,12372,343,434
2025-05-24,9,andremengoo,1000,12347,324,12
2025-05-24,10,Papaplatte,2860000,12203,29286,7317
2025-05-24,11,mdbh360,328,12088,322,12
2025-05-24,12,anthonydelostorres,2000,11874,294,122
2025-05-24,13,karahojf,280,10933,192,7
2025-05-24,14,konvy,163000,10203,7653,575
2025-05-24,15,Bisteconee,1310000,9729,10613,7617
2025-05-24,16,mosquitinho007,11000,8485,790,8
2025-05-24,17,redbullet360,1000,7737,321,11
2025-05-24,18,thallecotv,17000,7468,690,1639
2025-05-24,19,JessiesFetchQuest,4000,7308,47,4
2025-05-24,20,ballfield585,227,7166,190,6
2025-05-25,1,alfaline7,11000,30447,837,20
2025-05-25,2,strixtlyz,30000,16405,1322,2815
2025-05-25,3,sodapoppin,8960000,16283,10284,-666
2025-05-25,4,lydiaviolet,526000,13795,6623,-229
2025-05-25,5,sandraskins,115000,12869,5515,2697
2025-05-25,6,andremengoo,1000,12347,324,12
2025-05-25,7,Papaplatte,2860000,12203,29286,7012
2025-05-25,8,mdbh360,328,12088,322,12
2025-05-25,9,abgamingx,8000,11587,340,484
2025-05-25,10,theelivan,4000,11190,299,96
2025-05-25,11,anthonydelostorres,2000,11126,296,115
2025-05-25,12,karahojf,280,10933,192,7
2025-05-25,13,TeiHuDeSaia,313,10204,422,2
2025-05-25,14,konvy,163000,10203,7653,442
2025-05-25,15,vanillamace,121000,8948,5369,24208
2025-05-25,16,mosquitinho007,11000,8485,790,8
2025-05-25,17,JessiesFetchQuest,4000,7819,49,6
2025-05-25,18,redbullet360,1000,7737,321,11
2025-05-25,19,ballfield585,227,7166,190,6
2025-05-25,20,mgfitman,164000,6991,1183,791
2025-05-26,1,sodapoppin,8960000,16283,10284,-701
2025-05-26,2,lydiaviolet,526000,13795,6623,-361
2025-05-26,3,sandraskins,115000,12869,5515,3272
2025-05-26,4,andremengoo,1000,12347,324,12
2025-05-26,5,mdbh360,328,12088,322,12
2025-05-26,6,strixtlyz,30000,12050,1378,2641
2025-05-26,7,abgamingx,8000,11596,360,586
2025-05-26,8,karahojf,280,10933,192,7
2025-05-26,9,konvy,163000,10203,7653,332
2025-05-26,10,darkfull777,5000,9576,212,43
2025-05-26,11,anthonydelostorres,2000,9519,307,109
2025-05-26,12,vanillamace,121000,8948,5369,30347
2025-05-26,13,mosquitinho007,11000,8485,790,8
2025-05-26,14,JessiesFetchQuest,4000,8108,50,4
2025-05-26,15,redbullet360,1000,7737,321,11
2025-05-26,16,alfaline7,11000,7637,616,5
2025-05-26,17,theelivan,4000,7257,259,93
2025-05-26,18,ballfield585,227,7166,190,6
2025-05-26,19,mgfitman,164000,6991,1183,893
2025-05-26,20,mercenarios777,10000,6750,262,9
2025-05-27,1,Bisteconee,1320000,22949,13770,5422
2025-05-27,2,strixtlyz,30000,16398,1397,2429
2025-05-27,3,sodapoppin,8960000,16283,10284,-672
2025-05-27,4,lydiaviolet,526000,13795,6623,-361
2025-05-27,5,sandraskins,115000,12869,5515,3007
2025-05-27,6,andremengoo,1000,12347,324,12
2025-05-27,7,Cazum8Videos,73000,11467,2373,152
2025-05-27,8,QuarterJade,1210000,11415,3262,956
2025-05-27,9,mdbh360,328,11309,329,11
2025-05-27,10,abgamingx,8000,10482,369,614
2025-05-27,11,anthonydelostorres,2000,10461,302,203
2025-05-27,12,karahojf,280,10024,203,6
2025-05-27,13,Masayoshi,649000,9877,2419,665
2025-05-27,14,darkfull777,5000,9576,212,43
2025-05-27,15,vanillamace,121000,8948,5369,30347
2025-05-27,16,PatchMeLater,209,8154,206,98
2025-05-27,17,JessiesFetchQuest,4000,8024,50,13
2025-05-27,18,redbullet360,1000,7737,321,11
2025-05-27,19,KreekCraft,155000,7289,323,2700
2025-05-27,20,ballfield585,227,7166,190,6
2025-05-29,1,Bisteconee,1320000,22949,13770,7133
2025-05-29,2,strixtlyz,30000,21108,1440,1964
2025-05-29,3,Cazum8Videos,74000,18870,2288,213
2025-05-29,4,sodapoppin,8960000,16283,10284,-698
2025-05-29,5,Felps,1480000,13890,1874,614
2025-05-29,6,lydiaviolet,526000,13795,6623,-558
2025-05-29,7,vanillamace,146000,12393,5311,36294
2025-05-29,8,hitsquadgodfather,133000,11570,958,138
2025-05-29,9,abgamingx,8000,11501,366,487
2025-05-29,10,QuarterJade,1210000,11415,3262,723
2025-05-29,11,darkfull777,5000,9576,212,43
2025-05-29,12,VaiDeBaseTV,122,8979,203,11
2025-05-29,13,cheesur,149000,8957,7677,1218
2025-05-29,14,Masayoshi,649000,8860,2531,587
2025-05-29,15,PatchMeLater,209,8154,206,98
2025-05-29,16,icejantv,121,7999,178,6
2025-05-29,17,JessiesFetchQuest,4000,7785,50,17
2025-05-29,18,sandraskins,115000,7267,5813,3314
2025-05-29,19,ballfield585,227,7166,190,6
2025-05-29,20,anthonydelostorres,2000,6907,243,263
2025-05-31,1,Bisteconee,1320000,27777,14493,7215
2025-05-31,2,strixtlyz,30000,20815,1381,768
2025-05-31,3,Cazum8Videos,74000,18870,2288,224
2025-05-31,4,Felps,1480000,13890,1874,597
2025-05-31,5,abgamingx,9000,13736,376,566
2025-05-31,6,drakeoffc,1190000,13122,7874,3903
2025-05-31,7,hitsquadgodfather,133000,11570,958,111
2025-05-31,8,QuarterJade,1210000,11415,3262,719
2025-05-31,9,thalleco77,42000,10930,244,1826
2025-05-31,10,vanillamace,146000,10401,5673,28527
2025-05-31,11,heterianxd,96,10359,161,38
2025-05-31,12,darkfull777,5000,9576,212,40
2025-05-31,13,VaiDeBaseTV,122,8979,203,11
2025-05-31,14,Masayoshi,649000,8860,2531,586
2025-05-31,15,cheesur,149000,8531,7875,2254
2025-05-31,16,aldo\_geo,2009999,8481,3770,1197
2025-05-31,17,PatchMeLater,209,8154,206,98
2025-05-31,18,icejantv,121,7999,178,6
2025-05-31,19,JessiesFetchQuest,4000,7758,50,14
2025-05-31,20,Arguz11,114000,6567,41,1057
2025-06-01,1,Bisteconee,1320000,28842,14421,7269
2025-06-01,2,strixtlyz,32000,19844,1369,1775
2025-06-01,3,Cazum8Videos,74000,18870,2288,222
2025-06-01,4,Felps,1480000,13890,1874,644
2025-06-01,5,drakeoffc,1190000,13122,7874,9901
2025-06-01,6,hitsquadgodfather,133000,11570,958,109
2025-06-01,7,thalleco77,42000,10930,244,1826
2025-06-01,8,abgamingx,9000,10833,380,447
2025-06-01,9,QuarterJade,1210000,9907,3303,1044
2025-06-01,10,VaiDeBaseTV,122,8979,203,11
2025-06-01,11,WhereMyHUD,117,8894,204,7
2025-06-01,12,cheesur,149000,8531,7875,2152
2025-06-01,13,aldo\_geo,2009999,8481,3770,1363
2025-06-01,14,icejantv,121,7999,178,6
2025-06-01,15,Masayoshi,649000,7766,2589,494
2025-06-01,16,JessiesFetchQuest,4000,7683,50,14
2025-06-01,17,PatchMeLater,209,7615,208,96
2025-06-01,18,almeidajordanatv,123,7468,162,8
2025-06-01,19,Arguz11,114000,6893,42,1092
2025-06-01,20,KreekCraft,157000,6860,429,2109
2025-06-02,1,Bisteconee,1320000,43504,14110,8682
2025-06-02,2,strixtlyz,32000,22808,1376,1742
2025-06-02,3,Cazum8Videos,74000,18870,2288,222
2025-06-02,4,drakeoffc,1200000,15253,7959,10558
2025-06-02,5,abgamingx,9000,14182,443,781
2025-06-02,6,Felps,1480000,13890,1874,525
2025-06-02,7,hitsquadgodfather,133000,11570,958,171
2025-06-02,8,thalleco77,42000,10930,244,1826
2025-06-02,9,theelivan,4000,9872,271,295
2025-06-02,10,VaiDeBaseTV,122,8979,203,11
2025-06-02,11,WhereMyHUD,117,8894,204,7
2025-06-02,12,cheesur,149000,8531,7875,2253
2025-06-02,13,aldo\_geo,2009999,8481,3770,1118
2025-06-02,14,JessiesFetchQuest,4000,8170,53,15
2025-06-02,15,QuarterJade,1210000,7881,3378,837
2025-06-02,16,almeidajordanatv,123,7468,162,8
2025-06-02,17,icejantv,121,7449,187,6
2025-06-02,18,PixelRend,129,7443,205,14
2025-06-02,19,Arguz11,115000,7124,44,1139
2025-06-02,20,flamengoslives,4000,6748,141,3108
2025-06-03,1,caseoh\_,7120000,111771,55886,31986
2025-06-03,2,Bisteconee,1320000,24799,12939,7693
2025-06-03,3,strixtlyz,32000,18460,1360,1951
2025-06-03,4,deepins02,2540000,16658,15377,12192
2025-06-03,5,drakeoffc,1200000,15253,7959,10558
2025-06-03,6,abgamingx,9000,14653,472,1028
2025-06-03,7,Felps,1480000,13890,1874,494
2025-06-03,8,SoLLUMINATI,619000,12009,20587,5821
2025-06-03,9,hitsquadgodfather,133000,11570,958,181
2025-06-03,10,thalleco77,42000,10930,244,1826
2025-06-03,11,theelivan,4000,10170,279,264
2025-06-03,12,JessiesFetchQuest,4000,9705,61,28
2025-06-03,13,WhereMyHUD,117,8894,204,7
2025-06-03,14,cheesur,149000,8531,7875,2243
2025-06-03,15,aldo\_geo,2009999,8481,3770,1118
2025-06-03,16,PixelRend,129,7495,205,14
2025-06-03,17,VaiDeBaseTV,122,7491,205,7
2025-06-03,18,almeidajordanatv,123,7468,162,8
2025-06-03,19,Cazum8Videos,74000,7410,2118,91
2025-06-03,20,Arguz11,115000,7100,43,1105
2025-06-04,1,caseoh\_,7120000,249047,59772,31032
2025-06-04,2,Bisteconee,1320000,24799,12939,7440
2025-06-04,3,deepins02,2540000,23604,15736,12696
2025-06-04,4,drakeoffc,1200000,15253,7959,9540
2025-06-04,5,strixtlyz,32000,13815,1359,1852
2025-06-04,6,Felps,1480000,12816,1998,552
2025-06-04,7,abgamingx,9000,12676,500,974
2025-06-04,8,SoLLUMINATI,619000,12009,20587,5821
2025-06-04,9,JessiesFetchQuest,4000,11161,69,35
2025-06-04,10,thalleco77,42000,10930,244,1826
2025-06-04,11,theelivan,4000,10274,274,273
2025-06-04,12,poloesports,7000,9942,339,202
2025-06-04,13,WhereMyHUD,117,8894,204,7
2025-06-04,14,sandraskins,122000,8673,4956,2563
2025-06-04,15,hitsquadgodfather,133000,8032,918,132
2025-06-04,16,PixelRend,129,7495,205,14
2025-06-04,17,almeidajordanatv,123,7468,162,8
2025-06-04,18,Arguz11,115000,7143,44,1149
2025-06-04,19,dragongokutv,4000,7056,170,3833
2025-06-04,20,flamengoslives,4000,6847,134,3525
2025-06-05,1,caseoh\_,7130000,347593,58749,30496
2025-06-05,2,Bisteconee,1320000,24799,12939,8106
2025-06-05,3,deepins02,2540000,23604,15736,11370
2025-06-05,4,abgamingx,10000,21173,690,1202
2025-06-05,5,drakeoffc,1200000,15253,7959,11144
2025-06-05,6,poloesports,7000,14171,337,48
2025-06-05,7,JessiesFetchQuest,4000,12543,76,47
2025-06-05,8,SoLLUMINATI,619000,12009,20587,5821
2025-06-05,9,alondrissa,383000,10305,9512,6582
2025-06-05,10,theelivan,4000,9213,283,325
2025-06-05,11,WhereMyHUD,117,8894,204,7
2025-06-05,12,strixtlyz,32000,8677,1335,1993
2025-06-05,13,sandraskins,122000,8673,4956,2780
2025-06-05,14,dragongokutv,6000,7790,161,5759
2025-06-05,15,Felps,1480000,7704,1887,588
2025-06-05,16,aquino,199000,7548,6038,2035
2025-06-05,17,PixelRend,129,7495,205,14
2025-06-05,18,almeidajordanatv,123,7468,162,8
2025-06-05,19,Arguz11,115000,7165,44,1139
2025-06-05,20,KreekCraft,159000,6481,450,3137
2025-06-06,1,caseoh\_,7130000,435359,58048,30061
2025-06-06,2,abgamingx,10000,31463,840,1058
2025-06-06,3,Bisteconee,1330000,30394,12577,8117
2025-06-06,4,deepins02,2540000,23604,15736,11370
2025-06-06,5,poloesports,7000,17420,322,62
2025-06-06,6,JessiesFetchQuest,4000,13887,84,55
2025-06-06,7,SoLLUMINATI,619000,12009,20587,13955
2025-06-06,8,alondrissa,383000,10305,9512,6582
2025-06-06,9,sandraskins,122000,9940,4970,2097
2025-06-06,10,theelivan,4000,8937,291,334
2025-06-06,11,strixtlyz,33000,8241,1393,2194
2025-06-06,12,dragongokutv,6000,7790,161,5759
2025-06-06,13,Felps,1480000,7704,1887,607
2025-06-06,14,aquino,199000,7548,6038,1922
2025-06-06,15,PixelRend,129,7495,205,14
2025-06-06,16,WhereMyHUD,117,7307,208,5
2025-06-06,17,Arguz11,115000,7251,44,1138
2025-06-06,18,KreekCraft,159000,6865,410,3274
2025-06-06,19,flamengoslives,4000,6847,134,3525
2025-06-06,20,BaityBait,407000,6684,5730,1763
2025-06-08,1,caseoh\_,7140000,573885,54226,28591
2025-06-08,2,Bisteconee,1330000,67012,12003,7676
2025-06-08,3,RealzBlueWater,214000,61260,4743,1697
2025-06-08,4,abgamingx,10000,42459,895,1127
2025-06-08,5,deepins02,2540000,23604,15736,7711
2025-06-08,6,aquino,200000,18167,6412,1616
2025-06-08,7,poloesports,7000,17420,322,51
2025-06-08,8,JessiesFetchQuest,4000,15403,98,65
2025-06-08,9,SoLLUMINATI,619000,12009,20587,17768
2025-06-08,10,alondrissa,383000,10305,9512,7188
2025-06-08,11,sandraskins,122000,9940,4970,2490
2025-06-08,12,wolfteam770,2000,9470,187,17
2025-06-08,13,theelivan,4000,8758,282,203
2025-06-08,14,PulseCrafted,1000,8516,385,934
2025-06-08,15,strixtlyz,33000,8410,1364,1140
2025-06-08,16,dragongokutv,6000,7790,161,5759
2025-06-08,17,Felps,1480000,7704,1887,428
2025-06-08,18,lydiaviolet,526000,6862,7486,196
2025-06-08,19,Arguz11,116000,6776,42,1082
2025-06-08,20,BaityBait,407000,6684,5730,5454
2025-06-09,1,caseoh\_,7140000,573885,54226,28591
2025-06-09,2,Bisteconee,1330000,90397,12189,6863
2025-06-09,3,RealzBlueWater,214000,61260,4743,954
2025-06-09,4,abgamingx,10000,49618,1026,697
2025-06-09,5,deepins02,2550000,32077,13748,8986
2025-06-09,6,mazellovvv,1900000,23096,8152,2816
2025-06-09,7,aquino,200000,18167,6412,1074
2025-06-09,8,poloesports,7000,17420,322,46
2025-06-09,9,JessiesFetchQuest,4000,16239,103,78
2025-06-09,10,SoLLUMINATI,619000,12009,20587,17768
2025-06-09,11,alondrissa,383000,10305,9512,4400
2025-06-09,12,sandraskins,122000,9940,4970,2097
2025-06-09,13,wolfteam770,2000,9884,190,18
2025-06-09,14,R3bootando,1000,8979,310,19
2025-06-09,15,PulseCrafted,1000,8516,385,934
2025-06-09,16,dragongokutv,6000,7790,161,5759
2025-06-09,17,Felps,1480000,7704,1887,428
2025-06-09,18,strixtlyz,33000,7623,1346,1235
2025-06-09,19,BanduraCartel,623000,7459,1279,709
2025-06-09,20,lydiaviolet,526000,6862,7486,-186
2025-06-10,1,caseoh\_,7140000,462114,53839,30583
2025-06-10,2,Bisteconee,1330000,90397,12189,4772
2025-06-10,3,RealzBlueWater,215000,79442,4092,1058
2025-06-10,4,abgamingx,10000,57691,1151,554
2025-06-10,5,mazellovvv,1900000,23096,8152,2816
2025-06-10,6,aquino,200000,18167,6412,1074
2025-06-10,7,deepins02,2550000,15419,12335,7358
2025-06-10,8,JessiesFetchQuest,4000,15419,102,64
2025-06-10,9,poloesports,7000,12972,314,31
2025-06-10,10,thallecotv,21000,12592,273,15
2025-06-10,11,jasontheween,1270000,12215,20940,13491
2025-06-10,12,alondrissa,383000,10305,9512,2093
2025-06-10,13,wolfteam770,2000,9884,190,18
2025-06-10,14,strixtlyz,33000,8979,1331,1347
2025-06-10,15,R3bootando,1000,8979,310,19
2025-06-10,16,PulseCrafted,1000,8516,385,934
2025-06-10,17,lydiaviolet,526000,8085,7463,-345
2025-06-10,18,Felps,1480000,7704,1887,456
2025-06-10,19,BanduraCartel,623000,7459,1279,709
2025-06-10,20,sandraskins,122000,7092,5007,2001
2025-06-11,1,caseoh\_,7150000,362832,49478,30311
2025-06-11,2,Bisteconee,1330000,90397,12189,6286
2025-06-11,3,RealzBlueWater,215000,79442,4092,1026
2025-06-11,4,abgamingx,9000,60584,1157,-249
2025-06-11,5,mazellovvv,1900000,27139,7755,4548
2025-06-11,6,aquino,200000,18167,6412,1074
2025-06-11,7,JessiesFetchQuest,4000,15060,102,15
2025-06-11,8,thallecotv,21000,12861,275,15
2025-06-11,9,jasontheween,1270000,12215,20940,13969
2025-06-11,10,alondrissa,383000,10305,9512,5168
2025-06-11,11,wolfteam770,2000,9884,190,18
2025-06-11,12,strixtlyz,33000,8979,1331,1180
2025-06-11,13,R3bootando,1000,8979,310,19
2025-06-11,14,PulseCrafted,1000,8516,385,934
2025-06-11,15,deepins02,2550000,8473,10168,7435
2025-06-11,16,maxusblox,123,8276,209,6
2025-06-11,17,lydiaviolet,526000,8085,7463,-98
2025-06-11,18,poloesports,7000,7570,303,5
2025-06-11,19,BanduraCartel,623000,7459,1279,538
2025-06-11,20,BaityBait,407000,6684,5730,7288
2025-06-12,1,caseoh\_,7150000,264286,47335,29855
2025-06-12,2,Bisteconee,1330000,102442,11708,6705
2025-06-12,3,RealzBlueWater,215000,79442,4092,1026
2025-06-12,4,abgamingx,9000,56726,1171,-345
2025-06-12,5,mazellovvv,1900000,27139,7755,4548
2025-06-12,6,loud\_coringa,6590000,23225,23225,9872
2025-06-12,7,aquino,201000,18501,5164,1567
2025-06-12,8,JessiesFetchQuest,4000,14387,100,11
2025-06-12,9,thallecotv,21000,12861,275,15
2025-06-12,10,jasontheween,1270000,12215,20940,12777
2025-06-12,11,mosquitinho007,11000,11580,263,19
2025-06-12,12,wolfteam770,2000,9884,190,18
2025-06-12,13,strixtlyz,33000,9451,1319,1004
2025-06-12,14,R3bootando,1000,8979,310,19
2025-06-12,15,FullPvpTV,1000,8774,242,927
2025-06-12,16,metralhas360,1000,8574,189,8
2025-06-12,17,PulseCrafted,1000,8516,385,934
2025-06-12,18,deepins02,2550000,8473,10168,7078
2025-06-12,19,maxusblox,123,8276,209,6
2025-06-12,20,lydiaviolet,526000,8085,7463,103
2025-06-13,1,caseoh\_,7150000,176520,44130,29506
2025-06-13,2,Bisteconee,1330000,87775,11704,6750
2025-06-13,3,RealzBlueWater,215000,79442,4092,1316
2025-06-13,4,abgamingx,9000,53421,1179,-251
2025-06-13,5,mazellovvv,1900000,27139,7755,5670
2025-06-13,6,loud\_coringa,6590000,23225,23225,9496
2025-06-13,7,aquino,201000,18501,5164,1576
2025-06-13,8,mosquitinho007,11000,15591,250,25
2025-06-13,9,JessiesFetchQuest,4000,13701,97,8
2025-06-13,10,thallecotv,21000,12861,275,15
2025-06-13,11,jasontheween,1270000,12215,20940,12679
2025-06-13,12,anthonydelostorres,3000,10959,234,100
2025-06-13,13,wolfteam770,2000,9396,209,18
2025-06-13,14,R3bootando,1000,8979,310,19
2025-06-13,15,FullPvpTV,1000,8774,242,927
2025-06-13,16,metralhas360,1000,8656,189,8
2025-06-13,17,PulseCrafted,1000,8516,385,934
2025-06-13,18,deepins02,2550000,8473,10168,7078
2025-06-13,19,maxusblox,123,8276,209,6
2025-06-13,20,theelivan,5000,8124,232,115
2025-06-14,1,caseoh\_,7150000,111100,40400,28786
2025-06-14,2,RealzBlueWater,215000,79442,4092,1318
2025-06-14,3,Bisteconee,1330000,77788,11968,6286
2025-06-14,4,abgamingx,10000,56405,1188,-218
2025-06-14,5,mazellovvv,1900000,27139,7755,4381
2025-06-14,6,loud\_coringa,6590000,23225,23225,5903
2025-06-14,7,daarick,200000,19369,12233,3685
2025-06-14,8,mosquitinho007,11000,15591,250,25
2025-06-14,9,thallecotv,21000,12861,275,15
2025-06-14,10,jasontheween,1270000,12215,20940,12283
2025-06-14,11,elglogloking,273000,11562,8672,7372
2025-06-14,12,JessiesFetchQuest,4000,11373,97,19
2025-06-14,13,anthonydelostorres,4000,11222,229,220
2025-06-14,14,R3bootando,1000,8979,310,19
2025-06-14,15,FullPvpTV,1000,8774,242,927
2025-06-14,16,metralhas360,1000,8656,189,8
2025-06-14,17,newteam7,7000,8559,312,11
2025-06-14,18,deepins02,2550000,8473,10168,7727
2025-06-14,19,maxusblox,123,8276,209,6
2025-06-14,20,theelivan,5000,8112,234,118
2025-06-16,1,abgamingx,10000,54875,1177,-188
2025-06-16,2,caseoh\_,7150000,37994,41448,22391
2025-06-16,3,loud\_coringa,6590000,23225,23225,7165
2025-06-16,4,Bisteconee,1340000,21684,9638,3949
2025-06-16,5,daarick,200000,19369,12233,1490
2025-06-16,6,mazellovvv,1900000,18663,7723,5855
2025-06-16,7,RealzBlueWater,215000,18182,2798,1396
2025-06-16,8,mosquitinho007,11000,15591,250,25
2025-06-16,9,anthonydelostorres,4000,14778,216,197
2025-06-16,10,jasontheween,1270000,12215,20940,13291
2025-06-16,11,newteam7,7000,12070,286,15
2025-06-16,12,elglogloking,273000,11562,8672,6590
2025-06-16,13,JessiesFetchQuest,4000,11272,94,-3
2025-06-16,14,theelivan,5000,10164,232,110
2025-06-16,15,nabrielxd,27000,9652,2364,3858
2025-06-16,16,strixtlyz,34000,8934,1393,897
2025-06-16,17,FullPvpTV,1000,8774,242,927
2025-06-16,18,metralhas360,1000,8656,189,8
2025-06-16,19,darkfull777,5000,8426,333,12
2025-06-16,20,aquino,201000,7882,3941,923
2025-06-17,1,RealzBlueWater,216000,66481,5115,1761
2025-06-17,2,abgamingx,10000,49617,1118,-250
2025-06-17,3,caseoh\_,7150000,37994,41448,24545
2025-06-17,4,loud\_coringa,6590000,23225,23225,7165
2025-06-17,5,Bisteconee,1340000,21684,9638,5295
2025-06-17,6,daarick,200000,19369,12233,1937
2025-06-17,7,mazellovvv,1900000,18663,7723,5855
2025-06-17,8,mosquitinho007,11000,15591,250,25
2025-06-17,9,anthonydelostorres,4000,12685,215,149
2025-06-17,10,newteam7,7000,12070,286,15
2025-06-17,11,JessiesFetchQuest,4000,11844,95,-1
2025-06-17,12,darkfull777,5000,11799,251,26
2025-06-17,13,elglogloking,273000,11562,8672,6592
2025-06-17,14,theelivan,5000,9896,224,100
2025-06-17,15,nabrielxd,27000,9652,2364,3858
2025-06-17,16,metralhas360,1000,8656,189,8
2025-06-17,17,FullPvpTV,1000,8351,243,8
2025-06-17,18,aquino,201000,7882,3941,923
2025-06-17,19,strixtlyz,34000,7578,1421,-389
2025-06-17,20,iziprime,94000,5850,878,68
2025-06-18,1,RealzBlueWater,216000,66481,5115,1713
2025-06-18,2,abgamingx,10000,46724,1109,432
2025-06-18,3,loud\_coringa,6590000,23225,23225,4396
2025-06-18,4,Bisteconee,1340000,21684,9638,6143
2025-06-18,5,daarick,200000,15129,11347,2915
2025-06-18,6,mazellovvv,1900000,14620,8354,4445
2025-06-18,7,nabrielxd,27000,12321,2241,3927
2025-06-18,8,newteam7,7000,12070,286,15
2025-06-18,9,darkfull777,5000,11799,251,27
2025-06-18,10,JessiesFetchQuest,4000,11721,94,51
2025-06-18,11,elglogloking,273000,11562,8672,6795
2025-06-18,12,anthonydelostorres,4000,11558,214,132
2025-06-18,13,mosquitinho007,11000,9398,224,16
2025-06-18,14,theelivan,5000,8691,228,90
2025-06-18,15,aquino,201000,7882,3941,1061
2025-06-18,16,Joe\_Bartolozzi,1980000,7791,6233,16257
2025-06-18,17,strixtlyz,34000,7578,1421,-315
2025-06-18,18,DANKS0000,268,7421,3562,81
2025-06-18,19,Arguz11,117000,6884,43,1292
2025-06-18,20,LootLedger,123,6280,198,5
2025-06-19,1,Papaplatte,2890000,73689,24563,4074
2025-06-19,2,RealzBlueWater,216000,66481,5115,1712
2025-06-19,3,abgamingx,10000,45438,1139,456
2025-06-19,4,nabrielxd,27000,17481,1998,3902
2025-06-19,5,daarick,200000,15129,11347,4022
2025-06-19,6,mazellovvv,1900000,14620,8354,4445
2025-06-19,7,anthonydelostorres,4000,13520,210,121
2025-06-19,8,NoWay4u\_Sir,740000,13344,8896,865
2025-06-19,9,JessiesFetchQuest,4000,12089,96,51
2025-06-19,10,newteam7,7000,12070,286,15
2025-06-19,11,darkfull777,5000,11799,251,27
2025-06-19,12,elglogloking,273000,11562,8672,6466
2025-06-19,13,jesusavgn,43000,11086,5322,733
2025-06-19,14,Bisteconee,1340000,10414,10413,5945
2025-06-19,15,anjoscampe,6000,9373,319,16
2025-06-19,16,Joe\_Bartolozzi,1980000,7791,6233,15652
2025-06-19,17,theelivan,5000,7689,175,36
2025-06-19,18,strixtlyz,33000,7432,1439,-281
2025-06-19,19,DANKS0000,268,7421,3562,90
2025-06-19,20,Arguz11,117000,6881,43,1250
2025-06-20,1,Papaplatte,2890000,73689,24563,4003
2025-06-20,2,RealzBlueWater,216000,66481,5115,1273
2025-06-20,3,abgamingx,10000,42001,1157,369
2025-06-20,4,nabrielxd,27000,17023,2004,2154
2025-06-20,5,daarick,200000,15129,11347,4738
2025-06-20,6,mazellovvv,1900000,14620,8354,3268
2025-06-20,7,NoWay4u\_Sir,740000,13344,8896,718
2025-06-20,8,JessiesFetchQuest,4000,12326,98,52
2025-06-20,9,darkfull777,5000,11799,251,27
2025-06-20,10,elglogloking,273000,11562,8672,5611
2025-06-20,11,jesusavgn,43000,11086,5322,587
2025-06-20,12,anjoscampe,6000,10986,311,17
2025-06-20,13,newteam7,7000,10911,282,13
2025-06-20,14,anthonydelostorres,4000,10554,194,9
2025-06-20,15,Bisteconee,1340000,10414,10413,6121
2025-06-20,16,aldo\_geo,2009999,9354,3035,351
2025-06-20,17,strixtlyz,33000,8401,1462,-416
2025-06-20,18,Joe\_Bartolozzi,1980000,7791,6233,17225
2025-06-20,19,DANKS0000,268,7421,3562,89
2025-06-20,20,roflgator,332000,7281,1507,511
2025-06-21,1,Papaplatte,2890000,73689,24563,4003
2025-06-21,2,RealzBlueWater,216000,66481,5115,1272
2025-06-21,3,abgamingx,10000,37647,1168,323
2025-06-21,4,robleis,574000,22051,5401,6710
2025-06-21,5,nabrielxd,27000,17023,2004,1625
2025-06-21,6,jesusavgn,43000,16073,5511,617
2025-06-21,7,mazellovvv,1900000,14620,8354,3268
2025-06-21,8,JessiesFetchQuest,4000,14419,99,38
2025-06-21,9,NoWay4u\_Sir,740000,13344,8896,715
2025-06-21,10,anthonydelostorres,4000,12172,220,12
2025-06-21,11,darkfull777,5000,11799,251,26
2025-06-21,12,anjoscampe,6000,10986,311,17
2025-06-21,13,Bisteconee,1340000,10414,10413,6408
2025-06-21,14,aldo\_geo,2009999,9354,3035,444
2025-06-21,15,natalan,74000,9297,1617,3221
2025-06-21,16,strixtlyz,33000,8401,1462,-161
2025-06-21,17,aquino,203000,8010,6007,1651
2025-06-21,18,Joe\_Bartolozzi,1980000,7791,6233,14732
2025-06-21,19,eai9,1000,7741,47,5
2025-06-21,20,DANKS0000,268,7421,3562,53
2025-06-22,1,Papaplatte,2890000,73689,24563,4447
2025-06-22,2,RealzBlueWater,217000,73596,4935,866
2025-06-22,3,abgamingx,10000,37119,1225,295
2025-06-22,4,robleis,574000,34725,5412,6270
2025-06-22,5,jesusavgn,43000,21918,5368,701
2025-06-22,6,hitsquadgodfather,133000,20246,992,100
2025-06-22,7,JessiesFetchQuest,4000,14431,101,40
2025-06-22,8,nabrielxd,27000,14402,1921,852
2025-06-22,9,NoWay4u\_Sir,740000,13344,8896,744
2025-06-22,10,aquino,203000,13280,6375,1536
2025-06-22,11,anjoscampe,6000,10986,311,17
2025-06-22,12,natalan,74000,10442,1607,2172
2025-06-22,13,aldo\_geo,2009999,9354,3035,831
2025-06-22,14,darkfull777,5000,9322,240,21
2025-06-22,15,anthonydelostorres,4000,8821,222,0
2025-06-22,16,eai9,1000,8751,53,6
2025-06-22,17,Joe\_Bartolozzi,1980000,7791,6233,17422
2025-06-22,18,newteam7,7000,7517,224,12
2025-06-22,19,DANKS0000,268,7421,3562,45
2025-06-22,20,roflgator,332000,7406,1507,229
2025-06-23,1,Papaplatte,2890000,73689,24563,4017
2025-06-23,2,RealzBlueWater,217000,73596,4935,866
2025-06-23,3,hitsquadgodfather,133000,42172,950,78
2025-06-23,4,abgamingx,10000,41417,1309,284
2025-06-23,5,robleis,574000,34725,5412,6686
2025-06-23,6,jesusavgn,43000,21918,5368,628
2025-06-23,7,nabrielxd,29000,15433,1891,1676
2025-06-23,8,JessiesFetchQuest,4000,13969,101,47
2025-06-23,9,NoWay4u\_Sir,740000,13344,8896,715
2025-06-23,10,aquino,203000,13280,6375,1142
2025-06-23,11,anjoscampe,6000,10986,311,17
2025-06-23,12,natalan,74000,10442,1607,2521
2025-06-23,13,aldo\_geo,2009999,9354,3035,1020
2025-06-23,14,anthonydelostorres,4000,8876,228,16
2025-06-23,15,eai9,1000,8597,52,5
2025-06-23,16,rexstro,6000,8231,471,35
2025-06-23,17,theelivan,5000,8176,146,118
2025-06-23,18,kratossgg,3000,8139,1480,76
2025-06-23,19,Joe\_Bartolozzi,1980000,7791,6233,17370
2025-06-23,20,alejandrodiforte,1000,7714,1403,689
2025-06-24,1,Papaplatte,2890000,73689,24563,4715
2025-06-24,2,hitsquadgodfather,133000,65259,956,69
2025-06-24,3,abgamingx,10000,44061,1357,276
2025-06-24,4,robleis,574000,34725,5412,5942
2025-06-24,5,alejandrodiforte,2000,25504,1343,987
2025-06-24,6,kratossgg,3000,23091,1373,93
2025-06-24,7,jesusavgn,43000,19298,5386,671
2025-06-24,8,nabrielxd,29000,15433,1891,1676
2025-06-24,9,JessiesFetchQuest,4000,13719,101,-7
2025-06-24,10,NoWay4u\_Sir,740000,13344,8896,644
2025-06-24,11,aquino,203000,13280,6375,1142
2025-06-24,12,theelivan,5000,11821,186,120
2025-06-24,13,anthonydelostorres,4000,11569,231,28
2025-06-24,14,anjoscampe,6000,10986,311,17
2025-06-24,15,natalan,74000,10442,1607,3294
2025-06-24,16,newteam7,7000,10024,207,49
2025-06-24,17,rexstro,6000,10021,443,32
2025-06-24,18,eai9,1000,9552,60,5
2025-06-24,19,RobTheMaster1,312000,9460,2523,6366
2025-06-24,20,aldo\_geo,2009999,9354,3035,1192
2025-06-25,1,hitsquadgodfather,133000,88453,959,78
2025-06-25,2,Papaplatte,2890000,73689,24563,4683
2025-06-25,3,abgamingx,10000,53216,1408,364
2025-06-25,4,robleis,574000,34725,5412,4362
2025-06-25,5,kratossgg,3000,33027,1331,110
2025-06-25,6,alejandrodiforte,2000,28506,1348,988
2025-06-25,7,jesusavgn,43000,25645,5399,418
2025-06-25,8,anjoscampe,6000,15791,328,21
2025-06-25,9,nabrielxd,29000,14547,1680,2031
2025-06-25,10,JessiesFetchQuest,4000,13609,102,-7
2025-06-25,11,NoWay4u\_Sir,740000,13344,8896,659
2025-06-25,12,aquino,203000,13280,6375,1142
2025-06-25,13,rexstro,6000,13151,446,27
2025-06-25,14,theelivan,5000,12834,183,77
2025-06-25,15,anthonydelostorres,4000,10849,233,27
2025-06-25,16,aldo\_geo,2020000,10372,3113,1429
2025-06-25,17,newteam7,7000,10024,207,49
2025-06-25,18,hyghman,25000,9994,2307,264
2025-06-25,19,strixtlyz,35000,8480,1476,1867
2025-06-25,20,eai9,1000,8031,59,5
2025-06-26,1,hitsquadgodfather,133000,111696,962,88
2025-06-26,2,abgamingx,10000,54846,1441,378
2025-06-26,3,alejandrodiforte,2000,39902,1309,992
2025-06-26,4,kratossgg,4000,39839,1307,113
2025-06-26,5,robleis,574000,34725,5412,4362
2025-06-26,6,jesusavgn,43000,17179,5425,350
2025-06-26,7,theelivan,5000,15113,222,91
2025-06-26,8,rexstro,6000,14860,438,13
2025-06-26,9,anjoscampe,6000,14580,304,17
2025-06-26,10,JessiesFetchQuest,4000,13386,103,-9
2025-06-26,11,aquino,203000,13280,6375,1555
2025-06-26,12,strixtlyz,35000,10736,1611,1758
2025-06-26,13,newteam7,7000,10024,207,49
2025-06-26,14,hyghman,25000,9994,2307,249
2025-06-26,15,nabrielxd,29000,9387,1734,2046
2025-06-26,16,mgfitman,169000,7119,1221,946
2025-06-26,17,RealzBlueWater,217000,7115,3713,325
2025-06-26,18,Snopey\_,717000,7091,2837,2141
2025-06-26,19,aldo\_geo,2020000,7014,3238,1617
2025-06-26,20,RobTheMaster1,312000,6997,2210,3231
2025-06-27,1,hitsquadgodfather,133000,133070,950,61
2025-06-27,2,abgamingx,10000,55779,1466,331
2025-06-27,3,kratossgg,4000,55275,1289,111
2025-06-27,4,alejandrodiforte,2000,48447,1366,998
2025-06-27,5,robleis,574000,34725,5412,6796
2025-06-27,6,aquino,204000,20462,6462,1450
2025-06-27,7,theelivan,5000,20229,286,101
2025-06-27,8,jesusavgn,43000,17759,5464,596
2025-06-27,9,rexstro,6000,16635,430,11
2025-06-27,10,T2x2,1640000,14469,13356,7811
2025-06-27,11,anjoscampe,6000,13683,309,18
2025-06-27,12,JessiesFetchQuest,4000,13387,104,-12
2025-06-27,13,strixtlyz,35000,12530,1710,1830
2025-06-27,14,Twitch,2390000,10123,5522,-472
2025-06-27,15,newteam7,7000,10024,207,49
2025-06-27,16,flamengoslives,7000,9616,182,18
2025-06-27,17,queyoueye,33000,8865,178,800
2025-06-27,18,hyghman,25000,7865,2303,267
2025-06-27,19,JoshieTheHusky,2000,7289,561,2097
2025-06-27,20,nabrielxd,29000,7164,1687,1954
2025-06-28,1,hitsquadgodfather,133000,156571,954,47
2025-06-28,2,alejandrodiforte,2000,70887,1443,1116
2025-06-28,3,kratossgg,4000,59942,1281,108
2025-06-28,4,abgamingx,10000,59864,1449,372
2025-06-28,5,theelivan,5000,21300,285,94
2025-06-28,6,jesusavgn,43000,19907,5429,535
2025-06-28,7,robleis,581000,16389,5464,6918
2025-06-28,8,rexstro,6000,14769,434,6
2025-06-28,9,T2x2,1640000,14469,13356,6778
2025-06-28,10,flamengoslives,7000,14011,228,20
2025-06-28,11,anjoscampe,6000,13683,309,18
2025-06-28,12,strixtlyz,35000,13449,1736,1720
2025-06-28,13,JessiesFetchQuest,4000,12844,105,-1
2025-06-28,14,aquino,204000,12452,6793,1547
2025-06-28,15,JoshieTheHusky,2000,11398,578,2114
2025-06-28,16,Twitch,2390000,10123,5522,-556
2025-06-28,17,nabrielxd,29000,9647,1782,2083
2025-06-28,18,funnymike,1080000,9327,9327,25226
2025-06-28,19,newteam7,7000,8044,210,48
2025-06-28,20,hyghman,25000,7865,2303,264
2025-06-29,1,hitsquadgodfather,133000,155636,928,3
2025-06-29,2,alejandrodiforte,2000,82012,1470,596
2025-06-29,3,kratossgg,4000,71434,1322,123
2025-06-29,4,beaplays,153000,64509,7103,33869
2025-06-29,5,abgamingx,10000,62023,1438,384
2025-06-29,6,callmehhaley,50000,42362,15886,13964
2025-06-29,7,Lanaraee,93000,28627,22901,16742
2025-06-29,8,robleis,581000,21811,5453,9408
2025-06-29,9,theelivan,5000,21333,291,96
2025-06-29,10,strixtlyz,35000,14514,1778,1740
2025-06-29,11,aquino,205000,14511,6220,1436
2025-06-29,12,T2x2,1640000,14469,13356,5840
2025-06-29,13,AnielicA,40000,14368,2104,7650
2025-06-29,14,jesusavgn,43000,14062,5625,1372
2025-06-29,15,anjoscampe,6000,13683,309,18
2025-06-29,16,JessiesFetchQuest,4000,13030,105,-7
2025-06-29,17,JoshieTheHusky,2000,12400,577,2147
2025-06-29,18,hyghman,26000,11927,2468,260
2025-06-29,19,KreekCraft,169000,11809,909,3732
2025-06-29,20,rexstro,6000,11705,413,19
2025-06-30,1,hitsquadgodfather,133000,152160,920,4
2025-06-30,2,alejandrodiforte,2000,81767,1492,522
2025-06-30,3,beaplays,159000,76142,4835,40176
2025-06-30,4,kratossgg,4000,65861,1314,85
2025-06-30,5,abgamingx,10000,56711,1449,327
2025-06-30,6,callmehhaley,56000,48074,9947,19746
2025-06-30,7,Lanaraee,113000,31740,11542,36646
2025-06-30,8,pookietarin,20000,30267,1501,18937
2025-06-30,9,Emiru,1800000,21948,17558,3855
2025-06-30,10,robleis,581000,21811,5453,9762
2025-06-30,11,theelivan,5000,20001,291,105
2025-06-30,12,strixtlyz,35000,16909,1880,1281
2025-06-30,13,JoshieTheHusky,2000,16768,586,2244
2025-06-30,14,aquino,205000,14511,6220,1236
2025-06-30,15,T2x2,1640000,14469,13356,5678
2025-06-30,16,AnielicA,40000,14368,2104,7650
2025-06-30,17,jesusavgn,43000,14062,5625,2044
2025-06-30,18,anjoscampe,6000,13683,309,18
2025-06-30,19,pickletiff,13000,13194,536,12070
2025-06-30,20,emversal,8000,12743,1471,7748
2025-07-01,1,hitsquadgodfather,133000,148477,900,15
2025-07-01,2,Emiru,1810000,84435,17174,2997
2025-07-01,3,beaplays,161000,78511,4383,42062
2025-07-01,4,alejandrodiforte,2000,67420,1551,316
2025-07-01,5,kratossgg,4000,53322,1323,80
2025-07-01,6,pookietarin,30000,50538,1331,28632
2025-07-01,7,abgamingx,10000,48609,1456,267
2025-07-01,8,callmehhaley,56000,48074,9947,19746
2025-07-01,9,Lanaraee,113000,31740,11542,36646
2025-07-01,10,robleis,581000,21811,5453,7198
2025-07-01,11,JoshieTheHusky,2000,19250,590,2308
2025-07-01,12,theelivan,5000,18043,272,111
2025-07-01,13,strixtlyz,35000,16387,2115,1114
2025-07-01,14,AnielicA,41000,15246,1727,9170
2025-07-01,15,pickletiff,15000,14829,604,13789
2025-07-01,16,aquino,205000,14511,6220,1236
2025-07-01,17,emversal,8000,14497,1145,8272
2025-07-01,18,T2x2,1640000,14469,13356,5678
2025-07-01,19,jesusavgn,43000,14062,5625,1928
2025-07-01,20,anjoscampe,6000,13683,309,18
2025-07-02,1,hitsquadgodfather,133000,126354,888,21
2025-07-02,2,Emiru,1810000,84435,17174,3844
2025-07-02,3,beaplays,162000,80077,4599,41979
2025-07-02,4,alejandrodiforte,2000,66581,1561,419
2025-07-02,5,pookietarin,33000,60034,1292,31486
2025-07-02,6,callmehhaley,56000,48074,9947,19746
2025-07-02,7,abgamingx,10000,45871,1398,239
2025-07-02,8,kratossgg,4000,44318,1347,80
2025-07-02,9,Lanaraee,113000,31740,11542,36646
2025-07-02,10,robleis,581000,21811,5453,7198
2025-07-02,11,JoshieTheHusky,2000,19675,588,2035
2025-07-02,12,theelivan,5000,18690,281,98
2025-07-02,13,mgfitman,170000,18586,1814,1110
2025-07-02,14,strixtlyz,35000,17177,2104,1079
2025-07-02,15,pickletiff,16000,17077,641,14838
2025-07-02,16,CorgiVR,53000,16235,423,2536
2025-07-02,17,emversal,9000,15390,978,8529
2025-07-02,18,AnielicA,42000,15286,1653,9484
2025-07-02,19,royaledior,9000,15114,586,8205
2025-07-02,20,Stintik,1210000,14699,4410,5493
2025-07-07,1,Emiru,1810000,99041,18285,6129
2025-07-07,2,abgamingx,11000,75288,1632,386
2025-07-07,3,siptor,8000,46449,1499,1793
2025-07-07,4,pookietarin,38000,46303,1009,17443
2025-07-07,5,CorgiVR,53000,29695,575,90
2025-07-07,6,mgfitman,171000,26644,1748,1475
2025-07-07,7,alondrissa,410000,22563,13538,7946
2025-07-07,8,KreekCraft,176000,21649,1390,5977
2025-07-07,9,hitsquadgodfather,133000,20475,831,-10
2025-07-07,10,alejandrodiforte,2000,19346,1695,203
2025-07-07,11,panamonkeyy,37000,18031,2255,1357
2025-07-07,12,Gssspotted,348000,17823,3889,366
2025-07-07,13,Joe\_Bartolozzi,2029999,17748,6656,15200
2025-07-07,14,hyghman,26000,16625,2058,255
2025-07-07,15,royaledior,11000,16393,579,6741
2025-07-07,16,nabrielxd,32000,16288,2607,1540
2025-07-07,17,txunamy,5000,15220,4151,1568
2025-07-07,18,Stintik,1210000,14699,4410,5768
2025-07-07,19,beaplays,165000,13310,1059,4472
2025-07-07,20,elglogloking,297000,12885,10308,3810
2025-07-08,1,abgamingx,11000,78966,1602,467
2025-07-08,2,siptor,9000,60530,1563,2213
2025-07-08,3,Joe\_Bartolozzi,2029999,39363,7051,19434
2025-07-08,4,Emiru,1810000,36554,20888,4643
2025-07-08,5,CorgiVR,53000,29641,577,93
2025-07-08,6,pookietarin,38000,26323,881,8006
2025-07-08,7,mgfitman,172000,24910,1824,1494
2025-07-08,8,alondrissa,410000,22563,13538,8855
2025-07-08,9,KreekCraft,176000,20790,1531,5397
2025-07-08,10,panamonkeyy,38000,20126,2157,1556
2025-07-08,11,Gssspotted,348000,17823,3889,353
2025-07-08,12,alejandrodiforte,2000,16917,1735,120
2025-07-08,13,nabrielxd,32000,16288,2607,1905
2025-07-08,14,txunamy,5000,15220,4151,1568
2025-07-08,15,hyghman,26000,14119,2042,245
2025-07-08,16,anthonydelostorres,4000,13377,196,235
2025-07-08,17,elglogloking,297000,12885,10308,4136
2025-07-08,18,royaledior,11000,12006,594,4828
2025-07-08,19,FatalityPCM,60000,11452,107,17
2025-07-08,20,pickletiff,20000,11287,439,5017
2025-07-09,1,abgamingx,11000,81917,1610,432
2025-07-09,2,siptor,9000,60923,1573,1691
2025-07-09,3,Joe\_Bartolozzi,2029999,39363,7051,19093
2025-07-09,4,Emiru,1810000,36554,20888,7987
2025-07-09,5,mgfitman,172000,28763,1951,1638
2025-07-09,6,alondrissa,410000,22563,13538,5883
2025-07-09,7,hyghman,26000,21733,2269,246
2025-07-09,8,KreekCraft,176000,21555,1391,5951
2025-07-09,9,alejandrodiforte,2000,20157,1806,22
2025-07-09,10,nabrielxd,32000,18711,2955,1957
2025-07-09,11,panamonkeyy,38000,17909,2009,1437
2025-07-09,12,Gssspotted,348000,17823,3889,322
2025-07-09,13,pookietarin,38000,17513,718,5459
2025-07-09,14,txunamy,5000,15220,4151,1568
2025-07-09,15,CorgiVR,53000,14579,256,59
2025-07-09,16,drakeoffc,1220000,14491,4700,2206
2025-07-09,17,FatalityPCM,60000,13763,106,20
2025-07-09,18,elglogloking,297000,12885,10308,4401
2025-07-09,19,natalan,83000,12337,1763,3529
2025-07-09,20,anthonydelostorres,4000,12089,195,214
2025-07-10,1,abgamingx,11000,73524,1632,431
2025-07-10,2,siptor,9000,58428,1576,1612
2025-07-10,3,Joe\_Bartolozzi,2040000,42475,7080,20840
2025-07-10,4,elglogloking,300000,37750,10536,5075
2025-07-10,5,mgfitman,172000,37441,2110,1724
2025-07-10,6,jesusavgn,46000,35554,6995,484
2025-07-10,7,hyghman,26000,33976,2229,264
2025-07-10,8,ElMariana,10490000,31985,13235,8258
2025-07-10,9,mazellovvv,1910000,24107,6575,1233
2025-07-10,10,alondrissa,410000,22563,13538,5883
2025-07-10,11,alejandrodiforte,2000,19593,1809,22
2025-07-10,12,nabrielxd,32000,18711,2955,2012
2025-07-10,13,KreekCraft,177000,17997,1600,2835
2025-07-10,14,Gssspotted,348000,17823,3889,322
2025-07-10,15,FatalityPCM,60000,15546,106,21
2025-07-10,16,txunamy,5000,15220,4151,2925
2025-07-10,17,drakeoffc,1220000,14491,4700,2206
2025-07-10,18,panamonkeyy,38000,14369,1875,1190
2025-07-10,19,anthonydelostorres,4000,13440,195,318
2025-07-10,20,theelivan,5000,12517,202,288
2025-07-13,1,jesusavgn,46000,51315,6843,451
2025-07-13,2,mgfitman,173000,44173,2228,1409
2025-07-13,3,Fanum,3290000,41807,19296,58687
2025-07-13,4,siptor,10000,40730,1442,1251
2025-07-13,5,hyghman,26000,37518,2263,301
2025-07-13,6,abgamingx,11000,35598,1411,349
2025-07-13,7,ElMariana,10490000,31985,13235,7964
2025-07-13,8,remsua,531000,31688,1286,2513
2025-07-13,9,elglogloking,300000,31257,11033,6056
2025-07-13,10,auronplay,16820000,31081,24865,2986
2025-07-13,11,Joe\_Bartolozzi,2040000,24727,7419,20389
2025-07-13,12,mazellovvv,1910000,24107,6575,2276
2025-07-13,13,alejandrodiforte,2000,23985,1986,276
2025-07-13,14,robleis,596000,23552,6144,8815
2025-07-13,15,nabrielxd,34000,23099,3465,2395
2025-07-13,16,GUACAMOLEMOLLY,544000,20189,7571,1463
2025-07-13,17,theelivan,5000,17687,240,215
2025-07-13,18,caoz,12000,16417,561,454
2025-07-13,19,FatalityPCM,60000,15541,100,20
2025-07-13,20,PriyatnogoPoleta,180000,15358,1901,2100
2025-07-14,1,jesusavgn,46000,54616,6973,416
2025-07-14,2,mgfitman,173000,47403,2197,1420
2025-07-14,3,Fanum,3290000,41807,19296,52625
2025-07-14,4,siptor,10000,41662,1446,1326
2025-07-14,5,hyghman,26000,38169,2268,296
2025-07-14,6,mazellovvv,1920000,37493,6818,3290
2025-07-14,7,alejandrodiforte,2000,32058,2015,488
2025-07-14,8,ElMariana,10490000,31985,13235,7964
2025-07-14,9,remsua,531000,31688,1286,2534
2025-07-14,10,abgamingx,11000,31301,1338,299
2025-07-14,11,elglogloking,300000,31257,11033,6253
2025-07-14,12,auronplay,16820000,31081,24865,2986
2025-07-14,13,Joe\_Bartolozzi,2040000,24727,7419,21215
2025-07-14,14,robleis,596000,23552,6144,10535
2025-07-14,15,GUACAMOLEMOLLY,544000,20189,7571,1508
2025-07-14,16,nabrielxd,34000,20045,3388,1965
2025-07-14,17,Bisteconee,1370000,18939,13369,6833
2025-07-14,18,theelivan,5000,17820,243,235
2025-07-14,19,PriyatnogoPoleta,181000,17770,1922,2864
2025-07-14,20,windpress,89000,17088,490,131
2025-07-22,1,Tumblurr,1920000,106651,26119,3705
2025-07-22,2,mazellovvv,1930000,104217,8626,12670
2025-07-22,3,ohnePixel,1970000,97375,22913,10951
2025-07-22,4,xQc,12090000,72697,31156,6470
2025-07-22,5,KaiCenat,18470000,41487,55315,45206
2025-07-22,6,alejandrodiforte,3000,34689,2114,410
2025-07-22,7,hyghman,27000,34278,2177,304
2025-07-22,8,aquino,212000,32807,7159,1714
2025-07-22,9,caoz,13000,32723,569,1115
2025-07-22,10,Nuno,43000,21971,527,6094
2025-07-22,11,remsua,533000,20757,1253,1984
2025-07-22,12,RealzBlueWater,218000,20516,5471,496
2025-07-22,13,abgamingx,12000,18856,1280,318
2025-07-22,14,diffrent,23000,17111,913,39
2025-07-22,15,TheRealMarzaa,1790000,16951,4239,3387
2025-07-22,16,aldo\_geo,2020000,16069,2795,1006
2025-07-22,17,stableronaldo,3940000,14878,19837,22667
2025-07-22,18,Mike\_Belli,3000,14830,95,290
2025-07-22,19,CreamTheRabbit,1020000,14829,5234,10
2025-07-22,20,WankilStudio,1360000,14249,10059,1262
2025-07-23,1,mazellovvv,1930000,111694,8124,14391
2025-07-23,2,Tumblurr,1920000,106651,26119,3551
2025-07-23,3,xQc,12090000,72697,31156,5657
2025-07-23,4,KaiCenat,18470000,41487,55315,58172
2025-07-23,5,ohnePixel,1970000,36158,24106,9720
2025-07-23,6,aquino,212000,32807,7159,1714
2025-07-23,7,caoz,13000,32493,586,1103
2025-07-23,8,hyghman,27000,30501,2192,302
2025-07-23,9,abgamingx,12000,27998,1413,1146
2025-07-23,10,alejandrodiforte,3000,25730,1464,304
2025-07-23,11,remsua,534000,20647,1265,2103
2025-07-23,12,soyomartv,71000,20105,6522,1115
2025-07-23,13,Nuno,43000,19671,516,4865
2025-07-23,14,TheRealMarzaa,1790000,16951,4239,3009
2025-07-23,15,theelivan,6000,16871,379,148
2025-07-23,16,aldo\_geo,2020000,16069,2795,872
2025-07-23,17,stableronaldo,3940000,14878,19837,43159
2025-07-23,18,CreamTheRabbit,1020000,14829,5234,14
2025-07-23,19,Mike\_Belli,3000,14361,92,261
2025-07-23,20,WankilStudio,1360000,14249,10059,1262
2025-07-24,1,mazellovvv,1930000,111694,8124,12627
2025-07-24,2,xQc,12090000,57921,24824,4363
2025-07-24,3,KaiCenat,18470000,41487,55315,43778
2025-07-24,4,ohnePixel,1970000,36158,24106,7802
2025-07-24,5,caoz,13000,29509,582,866
2025-07-24,6,abgamingx,12000,29033,1423,1122
2025-07-24,7,hyghman,27000,25111,2250,251
2025-07-24,8,alejandrodiforte,3000,22463,1232,208
2025-07-24,9,WankilStudio,1360000,22020,9113,1338
2025-07-24,10,soyomartv,71000,20105,6522,1279
2025-07-24,11,remsua,534000,19911,1758,2170
2025-07-24,12,Nuno,44000,18815,497,4383
2025-07-24,13,sam,90000,16507,2359,175
2025-07-24,14,aldo\_geo,2020000,16069,2795,655
2025-07-24,15,theelivan,6000,15549,399,110
2025-07-24,16,xqc,911000,15449,7131,4326
2025-07-24,17,ElAbrahaham,806000,15248,2507,7640
2025-07-24,18,stableronaldo,3940000,14878,19837,56101
2025-07-24,19,CreamTheRabbit,1020000,14829,5234,-1
2025-07-24,20,Mike\_Belli,3000,14214,91,211
2025-07-25,1,mazellovvv,1930000,111694,8124,14582
2025-07-25,2,xQc,12090000,67840,24670,4372
2025-07-25,3,KaiCenat,18470000,41487,55315,36415
2025-07-25,4,ohnePixel,1970000,36158,24106,7802
2025-07-25,5,abgamingx,13000,32197,1432,977
2025-07-25,6,caoz,13000,26674,597,646
2025-07-25,7,remsua,535000,24785,1837,2952
2025-07-25,8,ElAbrahaham,810000,24478,2696,11350
2025-07-25,9,hyghman,27000,23979,2197,235
2025-07-25,10,aldo\_geo,2020000,23543,2975,1147
2025-07-25,11,alejandrodiforte,3000,22463,1232,151
2025-07-25,12,WankilStudio,1360000,22020,9113,890
2025-07-25,13,xqc,911000,20195,7128,4232
2025-07-25,14,soyomartv,71000,20105,6522,1122
2025-07-25,15,sam,90000,16507,2359,176
2025-07-25,16,frankogg,1000,15765,418,35
2025-07-25,17,Nuno,44000,15732,480,3455
2025-07-25,18,beanzzorrr,1000,15722,139,932
2025-07-25,19,theelivan,6000,14975,394,137
2025-07-25,20,Mike\_Belli,3000,14199,89,172
2025-07-26,1,mazellovvv,1930000,91472,7841,12863
2025-07-26,2,xQc,12090000,67840,24670,3709
2025-07-26,3,ohnePixel,1970000,36158,24106,10550
2025-07-26,4,ElAbrahaham,813000,35802,3114,15373
2025-07-26,5,abgamingx,13000,32197,1432,977
2025-07-26,6,Bisteconee,1390000,31801,12310,9083
2025-07-26,7,aldo\_geo,2020000,27090,2956,1955
2025-07-26,8,WankilStudio,1360000,22020,9113,890
2025-07-26,9,xqc,911000,20195,7128,4636
2025-07-26,10,soyomartv,71000,20105,6522,1426
2025-07-26,11,hyghman,27000,19982,2200,244
2025-07-26,12,remsua,535000,19392,2079,2533
2025-07-26,13,alejandrodiforte,3000,18667,1138,94
2025-07-26,14,caoz,13000,18644,560,343
2025-07-26,15,beanzzorrr,1000,18288,140,1041
2025-07-26,16,diffrent,23000,15657,954,51
2025-07-26,17,Nuno,44000,15159,456,3308
2025-07-26,18,frankogg,1000,15091,407,38
2025-07-26,19,Squeex,310000,14912,4067,1871
2025-07-26,20,Mike\_Belli,3000,14100,88,146
2025-07-27,1,mazellovvv,1930000,70185,7521,9760
2025-07-27,2,xQc,12090000,67840,24670,3808
2025-07-27,3,ohnePixel,1970000,36158,24106,14575
2025-07-27,4,ElAbrahaham,813000,35802,3114,15373
2025-07-27,5,abgamingx,13000,35055,1349,1033
2025-07-27,6,Bisteconee,1390000,31801,12310,9743
2025-07-27,7,aldo\_geo,2020000,28238,3026,5707
2025-07-27,8,caoz,13000,26373,684,503
2025-07-27,9,robleis,618000,24525,5660,10514
2025-07-27,10,hyghman,27000,23616,2250,245
2025-07-27,11,WankilStudio,1360000,22020,9113,890
2025-07-27,12,xqc,911000,20195,7128,4600
2025-07-27,13,remsua,535000,19392,2079,2821
2025-07-27,14,beanzzorrr,1000,18895,139,1035
2025-07-27,15,alejandrodiforte,3000,18667,1138,94
2025-07-27,16,aquino,212000,17173,6648,2291
2025-07-27,17,soyomartv,71000,16966,7021,1508
2025-07-27,18,mgfitman,175000,16740,2450,1107
2025-07-27,19,snowcone,85000,15544,943,377
2025-07-27,20,Squeex,310000,14912,4067,2132
2025-07-28,1,xQc,12090000,67840,24670,3957
2025-07-28,2,mazellovvv,1930000,41794,6688,6933
2025-07-28,3,ohnePixel,1970000,36158,24106,18415
2025-07-28,4,ElAbrahaham,813000,35802,3114,19379
2025-07-28,5,hyghman,27000,34242,2376,272
2025-07-28,6,abgamingx,13000,32258,1266,307
2025-07-28,7,Bisteconee,1390000,31801,12310,10319
2025-07-28,8,aldo\_geo,2029999,26435,3022,6587
2025-07-28,9,mgfitman,175000,25876,2610,1437
2025-07-28,10,robleis,618000,24525,5660,10267
2025-07-28,11,caoz,13000,24437,820,464
2025-07-28,12,xmerghani,92000,23150,12079,6935
2025-07-28,13,xqc,911000,20195,7128,4371
2025-07-28,14,beanzzorrr,1000,17922,138,896
2025-07-28,15,aquino,212000,17173,6648,1891
2025-07-28,16,soyomartv,71000,16966,7021,1511
2025-07-28,17,diffrent,23000,16078,907,69
2025-07-28,18,frankogg,1000,15964,410,44
2025-07-28,19,Squeex,310000,14912,4067,2230
2025-07-28,20,remsua,26000,14849,1498,5821
2025-07-29,1,Bisteconee,1390000,73077,14377,10809
2025-07-29,2,xQc,12090000,64269,24879,4518
2025-07-29,3,hyghman,27000,40321,2384,273
2025-07-29,4,abgamingx,13000,39529,1175,414
2025-07-29,5,caoz,14000,35873,1143,559
2025-07-29,6,neexcsgo,34000,31968,5560,20431
2025-07-29,7,ElAbrahaham,813000,28493,3257,18555
2025-07-29,8,mgfitman,175000,28047,2630,1564
2025-07-29,9,robleis,618000,24525,5660,5819
2025-07-29,10,xmerghani,92000,23150,12079,6935
2025-07-29,11,aldo\_geo,2029999,22676,2959,7181
2025-07-29,12,xqc,911000,18912,7092,4011
2025-07-29,13,soyomartv,71000,16966,7021,1511
2025-07-29,14,frankogg,1000,16671,438,52
2025-07-29,15,beanzzorrr,1000,15106,138,675
2025-07-29,16,Squeex,310000,14912,4067,2248
2025-07-29,17,remsua,26000,14849,1498,5869
2025-07-29,18,theelivan,6000,13819,369,153
2025-07-29,19,snowcone,85000,13403,930,279
2025-07-29,20,Mike\_Belli,3000,13148,87,192
2025-07-30,1,Bisteconee,1390000,73077,14377,12132
2025-07-30,2,xQc,12090000,64269,24879,5060
2025-07-30,3,neexcsgo,38000,47506,5279,22459
2025-07-30,4,caoz,14000,43279,1132,689
2025-07-30,5,hyghman,27000,40104,2360,267
2025-07-30,6,abgamingx,13000,30547,986,270
2025-07-30,7,aquino,215000,29648,9123,2495
2025-07-30,8,mgfitman,176000,28337,2596,1665
2025-07-30,9,ElAbrahaham,813000,25302,3451,17965
2025-07-30,10,robleis,618000,24525,5660,5819
2025-07-30,11,xmerghani,92000,23150,12079,6935
2025-07-30,12,aldo\_geo,2029999,22676,2959,7609
2025-07-30,13,remsua,27000,19588,1383,5353
2025-07-30,14,xqc,911000,18912,7092,4146
2025-07-30,15,frankogg,1000,17997,450,65
2025-07-30,16,snowcone,85000,16161,938,446
2025-07-30,17,ronchas\_kun,24000,15349,1245,206
2025-07-30,18,Squeex,310000,14912,4067,2235
2025-07-30,19,rivers\_gg,6720000,13917,6959,46235
2025-07-30,20,Mike\_Belli,3000,13419,88,215
2025-07-31,1,Bisteconee,1400000,99967,14630,14056
2025-07-31,2,ElAbrahaham,831000,49028,4391,25080
2025-07-31,3,neexcsgo,38000,47506,5279,24608
2025-07-31,4,xmerghani,102000,43600,12762,15544
2025-07-31,5,hyghman,27000,42542,2311,312
2025-07-31,6,caoz,14000,39222,1146,619
2025-07-31,7,abgamingx,13000,36128,939,286
2025-07-31,8,aquino,215000,29648,9123,2697
2025-07-31,9,mgfitman,176000,28337,2596,1518
2025-07-31,10,remsua,29000,26468,1400,6812
2025-07-31,11,robleis,618000,24525,5660,5819
2025-07-31,12,aldo\_geo,2029999,22676,2959,7851
2025-07-31,13,frankogg,1000,17849,459,54
2025-07-31,14,ronchas\_kun,24000,17330,1224,221
2025-07-31,15,tik\_omar,4000,15426,1372,95
2025-07-31,16,Squeex,310000,14912,4067,1903
2025-07-31,17,cacto0o,111000,14420,1492,4198
2025-07-31,18,rivers\_gg,6720000,13917,6959,48863
2025-07-31,19,Mike\_Belli,3000,13486,89,238
2025-07-31,20,snowcone,85000,13233,924,487
2025-08-02,1,neexcsgo,44000,74673,5092,19068
2025-08-02,2,Bisteconee,1400000,68166,16040,13305
2025-08-02,3,ElAbrahaham,842000,59816,4602,26594
2025-08-02,4,caoz,14000,46693,1108,752
2025-08-02,5,xmerghani,102000,43600,12762,15832
2025-08-02,6,abgamingx,13000,39262,847,841
2025-08-02,7,hyghman,27000,38729,2360,314
2025-08-02,8,aquino,216000,37790,8892,2220
2025-08-02,9,remsua,31000,36336,1343,7997
2025-08-02,10,rivers\_gg,6720000,29300,6895,42296
2025-08-02,11,tik\_omar,4000,25963,1361,58
2025-08-02,12,mgfitman,176000,25438,2827,1439
2025-08-02,13,gabepeixe,1740000,24830,3634,1354
2025-08-02,14,robleis,618000,24525,5660,7807
2025-08-02,15,aldo\_geo,2029999,22499,2904,6355
2025-08-02,16,KreekCraft,193000,19666,1099,6415
2025-08-02,17,ronchas\_kun,24000,19655,1650,244
2025-08-02,18,frankogg,1000,19647,490,3
2025-08-02,19,Roier,2540000,16870,3432,2762
2025-08-02,20,gabepeixe,34000,14885,2127,5423
2025-08-03,1,neexcsgo,47000,97145,4962,18478
2025-08-03,2,Bisteconee,1400000,68166,16040,12759
2025-08-03,3,ElAbrahaham,842000,59816,4602,29381
2025-08-03,4,rivers\_gg,6730000,43950,6762,20508
2025-08-03,5,xmerghani,102000,43600,12762,17593
2025-08-03,6,abgamingx,14000,43504,844,877
2025-08-03,7,caoz,14000,39538,1136,606
2025-08-03,8,tik\_omar,4000,37040,1331,65
2025-08-03,9,gabepeixe,1740000,36404,3582,1157
2025-08-03,10,aquino,216000,32284,9225,2163
2025-08-03,11,remsua,31000,32193,1263,6270
2025-08-03,12,hyghman,27000,30218,2325,338
2025-08-03,13,mgfitman,176000,29413,2522,1388
2025-08-03,14,KreekCraft,195000,27583,1440,6222
2025-08-03,15,gabepeixe,34000,21542,2069,4459
2025-08-03,16,ronchas\_kun,24000,20758,1608,256
2025-08-03,17,frankogg,1000,19361,486,-1
2025-08-03,18,Roier,2540000,16870,3432,1823
2025-08-03,19,bkinho,13000,16336,7540,3942
2025-08-03,20,MYMTUMTUM69,605000,15496,342,425
2025-08-04,1,neexcsgo,48000,124798,4832,19138
2025-08-04,2,Bisteconee,1400000,97210,16203,13166
2025-08-04,3,ElAbrahaham,849000,76630,4422,30415
2025-08-04,4,xmerghani,112000,57349,13494,14992
2025-08-04,5,abgamingx,14000,48944,889,873
2025-08-04,6,tik\_omar,4000,44950,1326,59
2025-08-04,7,rivers\_gg,6730000,43950,6762,11775
2025-08-04,8,caoz,14000,39251,1136,601
2025-08-04,9,gabepeixe,1740000,36748,3586,924
2025-08-04,10,aquino,216000,32284,9225,2163
2025-08-04,11,gabepeixe,35000,28054,2339,4900
2025-08-04,12,KreekCraft,195000,27096,1465,5886
2025-08-04,13,remsua,31000,26734,1240,4605
2025-08-04,14,mgfitman,177000,22977,2378,1283
2025-08-04,15,ronchas\_kun,24000,21230,1593,181
2025-08-04,16,jesusavgn,48000,20601,7492,611
2025-08-04,17,metarekus,780,19639,384,33
2025-08-04,18,botsitolex,6000,19236,856,100
2025-08-04,19,hyghman,27000,18939,2105,302
2025-08-04,20,frankogg,1000,16882,496,-5
2025-08-06,1,ElAbrahaham,858000,94115,4555,36706
2025-08-06,2,neexcsgo,51000,82972,4610,13237
2025-08-06,3,abgamingx,14000,68565,1004,893
2025-08-06,4,tik\_omar,4000,62069,1270,36
2025-08-06,5,xmerghani,112000,57349,13494,14992
2025-08-06,6,Bisteconee,1400000,55934,15982,12094
2025-08-06,7,ElMariana,10550000,48202,14832,10633
2025-08-06,8,gabepeixe,1740000,38432,3632,1033
2025-08-06,9,remsua,33000,38375,1646,5032
2025-08-06,10,YoungMulti,1370000,33382,16691,3525
2025-08-06,11,Joe\_Bartolozzi,2140000,31762,9297,21422
2025-08-06,12,gabepeixe,36000,31632,2260,5195
2025-08-06,13,rivers\_gg,6730000,30033,6674,10654
2025-08-06,14,KreekCraft,197000,29467,1229,7173
2025-08-06,15,jesusavgn,48000,27521,7340,587
2025-08-06,16,spreen,1150000,26999,14727,3143
2025-08-06,17,bkinho,13000,24414,7325,3390
2025-08-06,18,botsitolex,6000,24178,764,85
2025-08-06,19,metarekus,789,22773,377,42
2025-08-06,20,luccah0,9000,20165,260,327
